Carton;Estado;Bingo;Fecha;Organizador
0001;ACTIVO;BINGO DE OS PEREGRINOS;23/7/26;amigos peregrinos
0002;ACTIVO;BINGO DE OS PEREGRINOS;23/7/26;amigos peregrinos
0003;ACTIVO;BINGO DE OS PEREGRINOS;23/7/26;amigos peregrinos
0004;ACTIVO;BINGO DE OS PEREGRINOS;23/7/26;amigos peregrinos
0005;ACTIVO;BINGO DE OS PEREGRINOS;23/7/26;amigos peregrinos
0006;ACTIVO;BINGO DE OS PEREGRINOS;23/7/26;amigos peregrinos
0007;ACTIVO;BINGO DE OS PEREGRINOS;23/7/26;amigos peregrinos
0008;ACTIVO;BINGO DE OS PEREGRINOS;23/7/26;amigos peregrinos
0009;ACTIVO;BINGO DE OS PEREGRINOS;23/7/26;amigos peregrinos
0010;ACTIVO;BINGO DE OS PEREGRINOS;23/7/26;amigos peregrinos
0011;ACTIVO;BINGO DE OS PEREGRINOS;23/7/26;amigos peregrinos
0012;ACTIVO;BINGO DE OS PEREGRINOS;23/7/26;amigos peregrinos
0013;ACTIVO;BINGO DE OS PEREGRINOS;23/7/26;amigos peregrinos
0014;ACTIVO;BINGO DE OS PEREGRINOS;23/7/26;amigos peregrinos
0015;ACTIVO;BINGO DE OS PEREGRINOS;23/7/26;amigos peregrinos
0016;ACTIVO;BINGO DE OS PEREGRINOS;23/7/26;amigos peregrinos
0017;ACTIVO;BINGO DE OS PEREGRINOS;23/7/26;amigos peregrinos
0018;ACTIVO;BINGO DE OS PEREGRINOS;23/7/26;amigos peregrinos
0019;ACTIVO;BINGO DE OS PEREGRINOS;23/7/26;amigos peregrinos
0020;ACTIVO;BINGO DE OS PEREGRINOS;23/7/26;amigos peregrinos
0021;ACTIVO;BINGO DE OS PEREGRINOS;23/7/26;amigos peregrinos
0022;ACTIVO;BINGO DE OS PEREGRINOS;23/7/26;amigos peregrinos
0023;ACTIVO;BINGO DE OS PEREGRINOS;23/7/26;amigos peregrinos
0024;ACTIVO;BINGO DE OS PEREGRINOS;23/7/26;amigos peregrinos
0025;ACTIVO;BINGO DE OS PEREGRINOS;23/7/26;amigos peregrinos
0026;ACTIVO;BINGO DE OS PEREGRINOS;23/7/26;amigos peregrinos
0027;ACTIVO;BINGO DE OS PEREGRINOS;23/7/26;amigos peregrinos
0028;ACTIVO;BINGO DE OS PEREGRINOS;23/7/26;amigos peregrinos
0029;ACTIVO;BINGO DE OS PEREGRINOS;23/7/26;amigos peregrinos
0030;ACTIVO;BINGO DE OS PEREGRINOS;23/7/26;amigos peregrinos
0031;ACTIVO;BINGO DE OS PEREGRINOS;23/7/26;amigos peregrinos
0032;ACTIVO;BINGO DE OS PEREGRINOS;23/7/26;amigos peregrinos
0033;ACTIVO;BINGO DE OS PEREGRINOS;23/7/26;amigos peregrinos
0034;ACTIVO;BINGO DE OS PEREGRINOS;23/7/26;amigos peregrinos
0035;ACTIVO;BINGO DE OS PEREGRINOS;23/7/26;amigos peregrinos
0036;ACTIVO;BINGO DE OS PEREGRINOS;23/7/26;amigos peregrinos
0037;ACTIVO;BINGO DE OS PEREGRINOS;23/7/26;amigos peregrinos
0038;ACTIVO;BINGO DE OS PEREGRINOS;23/7/26;amigos peregrinos
0039;ACTIVO;BINGO DE OS PEREGRINOS;23/7/26;amigos peregrinos
0040;ACTIVO;BINGO DE OS PEREGRINOS;23/7/26;amigos peregrinos
0041;ACTIVO;BINGO DE OS PEREGRINOS;23/7/26;amigos peregrinos
0042;ACTIVO;BINGO DE OS PEREGRINOS;23/7/26;amigos peregrinos
0043;ACTIVO;BINGO DE OS PEREGRINOS;23/7/26;amigos peregrinos
0044;ACTIVO;BINGO DE OS PEREGRINOS;23/7/26;amigos peregrinos
0045;ACTIVO;BINGO DE OS PEREGRINOS;23/7/26;amigos peregrinos
0046;ACTIVO;BINGO DE OS PEREGRINOS;23/7/26;amigos peregrinos
0047;ACTIVO;BINGO DE OS PEREGRINOS;23/7/26;amigos peregrinos
0048;ACTIVO;BINGO DE OS PEREGRINOS;23/7/26;amigos peregrinos
0049;ACTIVO;BINGO DE OS PEREGRINOS;23/7/26;amigos peregrinos
0050;ACTIVO;BINGO DE OS PEREGRINOS;23/7/26;amigos peregrinos
0051;ACTIVO;BINGO DE OS PEREGRINOS;23/7/26;amigos peregrinos
0052;ACTIVO;BINGO DE OS PEREGRINOS;23/7/26;amigos peregrinos
0053;ACTIVO;BINGO DE OS PEREGRINOS;23/7/26;amigos peregrinos
0054;ACTIVO;BINGO DE OS PEREGRINOS;23/7/26;amigos peregrinos
0055;ACTIVO;BINGO DE OS PEREGRINOS;23/7/26;amigos peregrinos
0056;ACTIVO;BINGO DE OS PEREGRINOS;23/7/26;amigos peregrinos
0057;ACTIVO;BINGO DE OS PEREGRINOS;23/7/26;amigos peregrinos
0058;ACTIVO;BINGO DE OS PEREGRINOS;23/7/26;amigos peregrinos
0059;ACTIVO;BINGO DE OS PEREGRINOS;23/7/26;amigos peregrinos
0060;ACTIVO;BINGO DE OS PEREGRINOS;23/7/26;amigos peregrinos
0061;ACTIVO;BINGO DE OS PEREGRINOS;23/7/26;amigos peregrinos
0062;ACTIVO;BINGO DE OS PEREGRINOS;23/7/26;amigos peregrinos
0063;ACTIVO;BINGO DE OS PEREGRINOS;23/7/26;amigos peregrinos
0064;ACTIVO;BINGO DE OS PEREGRINOS;23/7/26;amigos peregrinos
0065;ACTIVO;BINGO DE OS PEREGRINOS;23/7/26;amigos peregrinos
0066;ACTIVO;BINGO DE OS PEREGRINOS;23/7/26;amigos peregrinos
0067;ACTIVO;BINGO DE OS PEREGRINOS;23/7/26;amigos peregrinos
0068;ACTIVO;BINGO DE OS PEREGRINOS;23/7/26;amigos peregrinos
0069;ACTIVO;BINGO DE OS PEREGRINOS;23/7/26;amigos peregrinos
0070;ACTIVO;BINGO DE OS PEREGRINOS;23/7/26;amigos peregrinos
0071;ACTIVO;BINGO DE OS PEREGRINOS;23/7/26;amigos peregrinos
0072;ACTIVO;BINGO DE OS PEREGRINOS;23/7/26;amigos peregrinos
0073;ACTIVO;BINGO DE OS PEREGRINOS;23/7/26;amigos peregrinos
0074;ACTIVO;BINGO DE OS PEREGRINOS;23/7/26;amigos peregrinos
0075;ACTIVO;BINGO DE OS PEREGRINOS;23/7/26;amigos peregrinos
0076;ACTIVO;BINGO DE OS PEREGRINOS;23/7/26;amigos peregrinos
0077;ACTIVO;BINGO DE OS PEREGRINOS;23/7/26;amigos peregrinos
0078;ACTIVO;BINGO DE OS PEREGRINOS;23/7/26;amigos peregrinos
0079;ACTIVO;BINGO DE OS PEREGRINOS;23/7/26;amigos peregrinos
0080;ACTIVO;BINGO DE OS PEREGRINOS;23/7/26;amigos peregrinos
0081;ACTIVO;BINGO DE OS PEREGRINOS;23/7/26;amigos peregrinos
0082;ACTIVO;BINGO DE OS PEREGRINOS;23/7/26;amigos peregrinos
0083;ACTIVO;BINGO DE OS PEREGRINOS;23/7/26;amigos peregrinos
0084;ACTIVO;BINGO DE OS PEREGRINOS;23/7/26;amigos peregrinos
0085;ACTIVO;BINGO DE OS PEREGRINOS;23/7/26;amigos peregrinos
0086;ACTIVO;BINGO DE OS PEREGRINOS;23/7/26;amigos peregrinos
0087;ACTIVO;BINGO DE OS PEREGRINOS;23/7/26;amigos peregrinos
0088;ACTIVO;BINGO DE OS PEREGRINOS;23/7/26;amigos peregrinos
0089;ACTIVO;BINGO DE OS PEREGRINOS;23/7/26;amigos peregrinos
0090;ACTIVO;BINGO DE OS PEREGRINOS;23/7/26;amigos peregrinos
0091;ACTIVO;BINGO DE OS PEREGRINOS;23/7/26;amigos peregrinos
0092;ACTIVO;BINGO DE OS PEREGRINOS;23/7/26;amigos peregrinos
0093;ACTIVO;BINGO DE OS PEREGRINOS;23/7/26;amigos peregrinos
0094;ACTIVO;BINGO DE OS PEREGRINOS;23/7/26;amigos peregrinos
0095;ACTIVO;BINGO DE OS PEREGRINOS;23/7/26;amigos peregrinos
0096;ACTIVO;BINGO DE OS PEREGRINOS;23/7/26;amigos peregrinos
0097;ACTIVO;BINGO DE OS PEREGRINOS;23/7/26;amigos peregrinos
0098;ACTIVO;BINGO DE OS PEREGRINOS;23/7/26;amigos peregrinos
0099;ACTIVO;BINGO DE OS PEREGRINOS;23/7/26;amigos peregrinos
0100;ACTIVO;BINGO DE OS PEREGRINOS;23/7/26;amigos peregrinos
0101;ACTIVO;BINGO DE OS PEREGRINOS;23/7/26;amigos peregrinos
0102;ACTIVO;BINGO DE OS PEREGRINOS;23/7/26;amigos peregrinos
0103;ACTIVO;BINGO DE OS PEREGRINOS;23/7/26;amigos peregrinos
0104;ACTIVO;BINGO DE OS PEREGRINOS;23/7/26;amigos peregrinos
0105;ACTIVO;BINGO DE OS PEREGRINOS;23/7/26;amigos peregrinos
0106;ACTIVO;BINGO DE OS PEREGRINOS;23/7/26;amigos peregrinos
0107;ACTIVO;BINGO DE OS PEREGRINOS;23/7/26;amigos peregrinos
0108;ACTIVO;BINGO DE OS PEREGRINOS;23/7/26;amigos peregrinos
0109;ACTIVO;BINGO DE OS PEREGRINOS;23/7/26;amigos peregrinos
0110;ACTIVO;BINGO DE OS PEREGRINOS;23/7/26;amigos peregrinos
0111;ACTIVO;BINGO DE OS PEREGRINOS;23/7/26;amigos peregrinos
0112;ACTIVO;BINGO DE OS PEREGRINOS;23/7/26;amigos peregrinos
0113;ACTIVO;BINGO DE OS PEREGRINOS;23/7/26;amigos peregrinos
0114;ACTIVO;BINGO DE OS PEREGRINOS;23/7/26;amigos peregrinos
0115;ACTIVO;BINGO DE OS PEREGRINOS;23/7/26;amigos peregrinos
0116;ACTIVO;BINGO DE OS PEREGRINOS;23/7/26;amigos peregrinos
0117;ACTIVO;BINGO DE OS PEREGRINOS;23/7/26;amigos peregrinos
0118;ACTIVO;BINGO DE OS PEREGRINOS;23/7/26;amigos peregrinos
0119;ACTIVO;BINGO DE OS PEREGRINOS;23/7/26;amigos peregrinos
0120;ACTIVO;BINGO DE OS PEREGRINOS;23/7/26;amigos peregrinos
0121;ACTIVO;BINGO DE OS PEREGRINOS;23/7/26;amigos peregrinos
0122;ACTIVO;BINGO DE OS PEREGRINOS;23/7/26;amigos peregrinos
0123;ACTIVO;BINGO DE OS PEREGRINOS;23/7/26;amigos peregrinos
0124;ACTIVO;BINGO DE OS PEREGRINOS;23/7/26;amigos peregrinos
0125;ACTIVO;BINGO DE OS PEREGRINOS;23/7/26;amigos peregrinos
0126;ACTIVO;BINGO DE OS PEREGRINOS;23/7/26;amigos peregrinos
0127;ACTIVO;BINGO DE OS PEREGRINOS;23/7/26;amigos peregrinos
0128;ACTIVO;BINGO DE OS PEREGRINOS;23/7/26;amigos peregrinos
0129;ACTIVO;BINGO DE OS PEREGRINOS;23/7/26;amigos peregrinos
0130;ACTIVO;BINGO DE OS PEREGRINOS;23/7/26;amigos peregrinos
0131;ACTIVO;BINGO DE OS PEREGRINOS;23/7/26;amigos peregrinos
0132;ACTIVO;BINGO DE OS PEREGRINOS;23/7/26;amigos peregrinos
0133;ACTIVO;BINGO DE OS PEREGRINOS;23/7/26;amigos peregrinos
0134;ACTIVO;BINGO DE OS PEREGRINOS;23/7/26;amigos peregrinos
0135;ACTIVO;BINGO DE OS PEREGRINOS;23/7/26;amigos peregrinos
0136;ACTIVO;BINGO DE OS PEREGRINOS;23/7/26;amigos peregrinos
0137;ACTIVO;BINGO DE OS PEREGRINOS;23/7/26;amigos peregrinos
0138;ACTIVO;BINGO DE OS PEREGRINOS;23/7/26;amigos peregrinos
0139;ACTIVO;BINGO DE OS PEREGRINOS;23/7/26;amigos peregrinos
0140;ACTIVO;BINGO DE OS PEREGRINOS;23/7/26;amigos peregrinos
0141;ACTIVO;BINGO DE OS PEREGRINOS;23/7/26;amigos peregrinos
0142;ACTIVO;BINGO DE OS PEREGRINOS;23/7/26;amigos peregrinos
0143;ACTIVO;BINGO DE OS PEREGRINOS;23/7/26;amigos peregrinos
0144;ACTIVO;BINGO DE OS PEREGRINOS;23/7/26;amigos peregrinos
0145;ACTIVO;BINGO DE OS PEREGRINOS;23/7/26;amigos peregrinos
0146;ACTIVO;BINGO DE OS PEREGRINOS;23/7/26;amigos peregrinos
0147;ACTIVO;BINGO DE OS PEREGRINOS;23/7/26;amigos peregrinos
0148;ACTIVO;BINGO DE OS PEREGRINOS;23/7/26;amigos peregrinos
0149;ACTIVO;BINGO DE OS PEREGRINOS;23/7/26;amigos peregrinos
0150;ACTIVO;BINGO DE OS PEREGRINOS;23/7/26;amigos peregrinos
0151;ACTIVO;BINGO DE OS PEREGRINOS;23/7/26;amigos peregrinos
0152;ACTIVO;BINGO DE OS PEREGRINOS;23/7/26;amigos peregrinos
0153;ACTIVO;BINGO DE OS PEREGRINOS;23/7/26;amigos peregrinos
0154;ACTIVO;BINGO DE OS PEREGRINOS;23/7/26;amigos peregrinos
0155;ACTIVO;BINGO DE OS PEREGRINOS;23/7/26;amigos peregrinos
0156;ACTIVO;BINGO DE OS PEREGRINOS;23/7/26;amigos peregrinos
0157;ACTIVO;BINGO DE OS PEREGRINOS;23/7/26;amigos peregrinos
0158;ACTIVO;BINGO DE OS PEREGRINOS;23/7/26;amigos peregrinos
0159;ACTIVO;BINGO DE OS PEREGRINOS;23/7/26;amigos peregrinos
0160;ACTIVO;BINGO DE OS PEREGRINOS;23/7/26;amigos peregrinos
0161;ACTIVO;BINGO DE OS PEREGRINOS;23/7/26;amigos peregrinos
0162;ACTIVO;BINGO DE OS PEREGRINOS;23/7/26;amigos peregrinos
0163;ACTIVO;BINGO DE OS PEREGRINOS;23/7/26;amigos peregrinos
0164;ACTIVO;BINGO DE OS PEREGRINOS;23/7/26;amigos peregrinos
0165;ACTIVO;BINGO DE OS PEREGRINOS;23/7/26;amigos peregrinos
0166;ACTIVO;BINGO DE OS PEREGRINOS;23/7/26;amigos peregrinos
0167;ACTIVO;BINGO DE OS PEREGRINOS;23/7/26;amigos peregrinos
0168;ACTIVO;BINGO DE OS PEREGRINOS;23/7/26;amigos peregrinos
0169;ACTIVO;BINGO DE OS PEREGRINOS;23/7/26;amigos peregrinos
0170;ACTIVO;BINGO DE OS PEREGRINOS;23/7/26;amigos peregrinos
0171;ACTIVO;BINGO DE OS PEREGRINOS;23/7/26;amigos peregrinos
0172;ACTIVO;BINGO DE OS PEREGRINOS;23/7/26;amigos peregrinos
0173;ACTIVO;BINGO DE OS PEREGRINOS;23/7/26;amigos peregrinos
0174;ACTIVO;BINGO DE OS PEREGRINOS;23/7/26;amigos peregrinos
0175;ACTIVO;BINGO DE OS PEREGRINOS;23/7/26;amigos peregrinos
0176;ACTIVO;BINGO DE OS PEREGRINOS;23/7/26;amigos peregrinos
0177;ACTIVO;BINGO DE OS PEREGRINOS;23/7/26;amigos peregrinos
0178;ACTIVO;BINGO DE OS PEREGRINOS;23/7/26;amigos peregrinos
0179;ACTIVO;BINGO DE OS PEREGRINOS;23/7/26;amigos peregrinos
0180;ACTIVO;BINGO DE OS PEREGRINOS;23/7/26;amigos peregrinos
0181;ACTIVO;BINGO DE OS PEREGRINOS;23/7/26;amigos peregrinos
0182;ACTIVO;BINGO DE OS PEREGRINOS;23/7/26;amigos peregrinos
0183;ACTIVO;BINGO DE OS PEREGRINOS;23/7/26;amigos peregrinos
0184;ACTIVO;BINGO DE OS PEREGRINOS;23/7/26;amigos peregrinos
0185;ACTIVO;BINGO DE OS PEREGRINOS;23/7/26;amigos peregrinos
0186;ACTIVO;BINGO DE OS PEREGRINOS;23/7/26;amigos peregrinos
0187;ACTIVO;BINGO DE OS PEREGRINOS;23/7/26;amigos peregrinos
0188;ACTIVO;BINGO DE OS PEREGRINOS;23/7/26;amigos peregrinos
0189;ACTIVO;BINGO DE OS PEREGRINOS;23/7/26;amigos peregrinos
0190;ACTIVO;BINGO DE OS PEREGRINOS;23/7/26;amigos peregrinos
0191;ACTIVO;BINGO DE OS PEREGRINOS;23/7/26;amigos peregrinos
0192;ACTIVO;BINGO DE OS PEREGRINOS;23/7/26;amigos peregrinos
0193;ACTIVO;BINGO DE OS PEREGRINOS;23/7/26;amigos peregrinos
0194;ACTIVO;BINGO DE OS PEREGRINOS;23/7/26;amigos peregrinos
0195;ACTIVO;BINGO DE OS PEREGRINOS;23/7/26;amigos peregrinos
0196;ACTIVO;BINGO DE OS PEREGRINOS;23/7/26;amigos peregrinos
0197;ACTIVO;BINGO DE OS PEREGRINOS;23/7/26;amigos peregrinos
0198;ACTIVO;BINGO DE OS PEREGRINOS;23/7/26;amigos peregrinos
0199;ACTIVO;BINGO DE OS PEREGRINOS;23/7/26;amigos peregrinos
0200;ACTIVO;BINGO DE OS PEREGRINOS;23/7/26;amigos peregrinos
0201;ACTIVO;BINGO DE OS PEREGRINOS;23/7/26;amigos peregrinos
0202;ACTIVO;BINGO DE OS PEREGRINOS;23/7/26;amigos peregrinos
0203;ACTIVO;BINGO DE OS PEREGRINOS;23/7/26;amigos peregrinos
0204;ACTIVO;BINGO DE OS PEREGRINOS;23/7/26;amigos peregrinos
0205;ACTIVO;BINGO DE OS PEREGRINOS;23/7/26;amigos peregrinos
0206;ACTIVO;BINGO DE OS PEREGRINOS;23/7/26;amigos peregrinos
0207;ACTIVO;BINGO DE OS PEREGRINOS;23/7/26;amigos peregrinos
0208;ACTIVO;BINGO DE OS PEREGRINOS;23/7/26;amigos peregrinos
0209;ACTIVO;BINGO DE OS PEREGRINOS;23/7/26;amigos peregrinos
0210;ACTIVO;BINGO DE OS PEREGRINOS;23/7/26;amigos peregrinos
0211;ACTIVO;BINGO DE OS PEREGRINOS;23/7/26;amigos peregrinos
0212;ACTIVO;BINGO DE OS PEREGRINOS;23/7/26;amigos peregrinos
0213;ACTIVO;BINGO DE OS PEREGRINOS;23/7/26;amigos peregrinos
0214;ACTIVO;BINGO DE OS PEREGRINOS;23/7/26;amigos peregrinos
0215;ACTIVO;BINGO DE OS PEREGRINOS;23/7/26;amigos peregrinos
0216;ACTIVO;BINGO DE OS PEREGRINOS;23/7/26;amigos peregrinos
0217;ACTIVO;BINGO DE OS PEREGRINOS;23/7/26;amigos peregrinos
0218;ACTIVO;BINGO DE OS PEREGRINOS;23/7/26;amigos peregrinos
0219;ACTIVO;BINGO DE OS PEREGRINOS;23/7/26;amigos peregrinos
0220;ACTIVO;BINGO DE OS PEREGRINOS;23/7/26;amigos peregrinos
0221;ACTIVO;BINGO DE OS PEREGRINOS;23/7/26;amigos peregrinos
0222;ACTIVO;BINGO DE OS PEREGRINOS;23/7/26;amigos peregrinos
0223;ACTIVO;BINGO DE OS PEREGRINOS;23/7/26;amigos peregrinos
0224;ACTIVO;BINGO DE OS PEREGRINOS;23/7/26;amigos peregrinos
0225;ACTIVO;BINGO DE OS PEREGRINOS;23/7/26;amigos peregrinos
0226;ACTIVO;BINGO DE OS PEREGRINOS;23/7/26;amigos peregrinos
0227;ACTIVO;BINGO DE OS PEREGRINOS;23/7/26;amigos peregrinos
0228;ACTIVO;BINGO DE OS PEREGRINOS;23/7/26;amigos peregrinos
0229;ACTIVO;BINGO DE OS PEREGRINOS;23/7/26;amigos peregrinos
0230;ACTIVO;BINGO DE OS PEREGRINOS;23/7/26;amigos peregrinos
0231;ACTIVO;BINGO DE OS PEREGRINOS;23/7/26;amigos peregrinos
0232;ACTIVO;BINGO DE OS PEREGRINOS;23/7/26;amigos peregrinos
0233;ACTIVO;BINGO DE OS PEREGRINOS;23/7/26;amigos peregrinos
0234;ACTIVO;BINGO DE OS PEREGRINOS;23/7/26;amigos peregrinos
0235;ACTIVO;BINGO DE OS PEREGRINOS;23/7/26;amigos peregrinos
0236;ACTIVO;BINGO DE OS PEREGRINOS;23/7/26;amigos peregrinos
0237;ACTIVO;BINGO DE OS PEREGRINOS;23/7/26;amigos peregrinos
0238;ACTIVO;BINGO DE OS PEREGRINOS;23/7/26;amigos peregrinos
0239;ACTIVO;BINGO DE OS PEREGRINOS;23/7/26;amigos peregrinos
0240;ACTIVO;BINGO DE OS PEREGRINOS;23/7/26;amigos peregrinos
0241;ACTIVO;BINGO DE OS PEREGRINOS;23/7/26;amigos peregrinos
0242;ACTIVO;BINGO DE OS PEREGRINOS;23/7/26;amigos peregrinos
0243;ACTIVO;BINGO DE OS PEREGRINOS;23/7/26;amigos peregrinos
0244;ACTIVO;BINGO DE OS PEREGRINOS;23/7/26;amigos peregrinos
0245;ACTIVO;BINGO DE OS PEREGRINOS;23/7/26;amigos peregrinos
0246;ACTIVO;BINGO DE OS PEREGRINOS;23/7/26;amigos peregrinos
0247;ACTIVO;BINGO DE OS PEREGRINOS;23/7/26;amigos peregrinos
0248;ACTIVO;BINGO DE OS PEREGRINOS;23/7/26;amigos peregrinos
0249;ACTIVO;BINGO DE OS PEREGRINOS;23/7/26;amigos peregrinos
0250;ACTIVO;BINGO DE OS PEREGRINOS;23/7/26;amigos peregrinos
0251;ACTIVO;BINGO DE OS PEREGRINOS;23/7/26;amigos peregrinos
0252;ACTIVO;BINGO DE OS PEREGRINOS;23/7/26;amigos peregrinos
0253;ACTIVO;BINGO DE OS PEREGRINOS;23/7/26;amigos peregrinos
0254;ACTIVO;BINGO DE OS PEREGRINOS;23/7/26;amigos peregrinos
0255;ACTIVO;BINGO DE OS PEREGRINOS;23/7/26;amigos peregrinos
0256;ACTIVO;BINGO DE OS PEREGRINOS;23/7/26;amigos peregrinos
0257;ACTIVO;BINGO DE OS PEREGRINOS;23/7/26;amigos peregrinos
0258;ACTIVO;BINGO DE OS PEREGRINOS;23/7/26;amigos peregrinos
0259;ACTIVO;BINGO DE OS PEREGRINOS;23/7/26;amigos peregrinos
0260;ACTIVO;BINGO DE OS PEREGRINOS;23/7/26;amigos peregrinos
0261;ACTIVO;BINGO DE OS PEREGRINOS;23/7/26;amigos peregrinos
0262;ACTIVO;BINGO DE OS PEREGRINOS;23/7/26;amigos peregrinos
0263;ACTIVO;BINGO DE OS PEREGRINOS;23/7/26;amigos peregrinos
0264;ACTIVO;BINGO DE OS PEREGRINOS;23/7/26;amigos peregrinos
0265;ACTIVO;BINGO DE OS PEREGRINOS;23/7/26;amigos peregrinos
0266;ACTIVO;BINGO DE OS PEREGRINOS;23/7/26;amigos peregrinos
0267;ACTIVO;BINGO DE OS PEREGRINOS;23/7/26;amigos peregrinos
0268;ACTIVO;BINGO DE OS PEREGRINOS;23/7/26;amigos peregrinos
0269;ACTIVO;BINGO DE OS PEREGRINOS;23/7/26;amigos peregrinos
0270;ACTIVO;BINGO DE OS PEREGRINOS;23/7/26;amigos peregrinos
0271;ACTIVO;BINGO DE OS PEREGRINOS;23/7/26;amigos peregrinos
0272;ACTIVO;BINGO DE OS PEREGRINOS;23/7/26;amigos peregrinos
0273;ACTIVO;BINGO DE OS PEREGRINOS;23/7/26;amigos peregrinos
0274;ACTIVO;BINGO DE OS PEREGRINOS;23/7/26;amigos peregrinos
0275;ACTIVO;BINGO DE OS PEREGRINOS;23/7/26;amigos peregrinos
0276;ACTIVO;BINGO DE OS PEREGRINOS;23/7/26;amigos peregrinos
0277;ACTIVO;BINGO DE OS PEREGRINOS;23/7/26;amigos peregrinos
0278;ACTIVO;BINGO DE OS PEREGRINOS;23/7/26;amigos peregrinos
0279;ACTIVO;BINGO DE OS PEREGRINOS;23/7/26;amigos peregrinos
0280;ACTIVO;BINGO DE OS PEREGRINOS;23/7/26;amigos peregrinos
0281;ACTIVO;BINGO DE OS PEREGRINOS;23/7/26;amigos peregrinos
0282;ACTIVO;BINGO DE OS PEREGRINOS;23/7/26;amigos peregrinos
0283;ACTIVO;BINGO DE OS PEREGRINOS;23/7/26;amigos peregrinos
0284;ACTIVO;BINGO DE OS PEREGRINOS;23/7/26;amigos peregrinos
0285;ACTIVO;BINGO DE OS PEREGRINOS;23/7/26;amigos peregrinos
0286;ACTIVO;BINGO DE OS PEREGRINOS;23/7/26;amigos peregrinos
0287;ACTIVO;BINGO DE OS PEREGRINOS;23/7/26;amigos peregrinos
0288;ACTIVO;BINGO DE OS PEREGRINOS;23/7/26;amigos peregrinos
0289;ACTIVO;BINGO DE OS PEREGRINOS;23/7/26;amigos peregrinos
0290;ACTIVO;BINGO DE OS PEREGRINOS;23/7/26;amigos peregrinos
0291;ACTIVO;BINGO DE OS PEREGRINOS;23/7/26;amigos peregrinos
0292;ACTIVO;BINGO DE OS PEREGRINOS;23/7/26;amigos peregrinos
0293;ACTIVO;BINGO DE OS PEREGRINOS;23/7/26;amigos peregrinos
0294;ACTIVO;BINGO DE OS PEREGRINOS;23/7/26;amigos peregrinos
0295;ACTIVO;BINGO DE OS PEREGRINOS;23/7/26;amigos peregrinos
0296;ACTIVO;BINGO DE OS PEREGRINOS;23/7/26;amigos peregrinos
0297;ACTIVO;BINGO DE OS PEREGRINOS;23/7/26;amigos peregrinos
0298;ACTIVO;BINGO DE OS PEREGRINOS;23/7/26;amigos peregrinos
0299;ACTIVO;BINGO DE OS PEREGRINOS;23/7/26;amigos peregrinos
0300;ACTIVO;BINGO DE OS PEREGRINOS;23/7/26;amigos peregrinos
0301;NO ACTIVO;BINGO DE OS PEREGRINOS;23/7/26;amigos peregrinos
0302;NO ACTIVO;BINGO DE OS PEREGRINOS;23/7/26;amigos peregrinos
0303;NO ACTIVO;BINGO DE OS PEREGRINOS;23/7/26;amigos peregrinos
0304;NO ACTIVO;BINGO DE OS PEREGRINOS;23/7/26;amigos peregrinos
0305;NO ACTIVO;BINGO DE OS PEREGRINOS;23/7/26;amigos peregrinos
0306;NO ACTIVO;BINGO DE OS PEREGRINOS;23/7/26;amigos peregrinos
0307;NO ACTIVO;BINGO DE OS PEREGRINOS;23/7/26;amigos peregrinos
0308;NO ACTIVO;BINGO DE OS PEREGRINOS;23/7/26;amigos peregrinos
0309;NO ACTIVO;BINGO DE OS PEREGRINOS;23/7/26;amigos peregrinos
0310;NO ACTIVO;BINGO DE OS PEREGRINOS;23/7/26;amigos peregrinos
0311;NO ACTIVO;BINGO DE OS PEREGRINOS;23/7/26;amigos peregrinos
0312;NO ACTIVO;BINGO DE OS PEREGRINOS;23/7/26;amigos peregrinos
0313;NO ACTIVO;BINGO DE OS PEREGRINOS;23/7/26;amigos peregrinos
0314;NO ACTIVO;BINGO DE OS PEREGRINOS;23/7/26;amigos peregrinos
0315;NO ACTIVO;BINGO DE OS PEREGRINOS;23/7/26;amigos peregrinos
0316;NO ACTIVO;BINGO DE OS PEREGRINOS;23/7/26;amigos peregrinos
0317;NO ACTIVO;BINGO DE OS PEREGRINOS;23/7/26;amigos peregrinos
0318;NO ACTIVO;BINGO DE OS PEREGRINOS;23/7/26;amigos peregrinos
0319;NO ACTIVO;BINGO DE OS PEREGRINOS;23/7/26;amigos peregrinos
0320;NO ACTIVO;BINGO DE OS PEREGRINOS;23/7/26;amigos peregrinos
0321;NO ACTIVO;BINGO DE OS PEREGRINOS;23/7/26;amigos peregrinos
0322;NO ACTIVO;BINGO DE OS PEREGRINOS;23/7/26;amigos peregrinos
0323;NO ACTIVO;BINGO DE OS PEREGRINOS;23/7/26;amigos peregrinos
0324;NO ACTIVO;BINGO DE OS PEREGRINOS;23/7/26;amigos peregrinos
0325;NO ACTIVO;BINGO DE OS PEREGRINOS;23/7/26;amigos peregrinos
0326;NO ACTIVO;BINGO DE OS PEREGRINOS;23/7/26;amigos peregrinos
0327;NO ACTIVO;BINGO DE OS PEREGRINOS;23/7/26;amigos peregrinos
0328;NO ACTIVO;BINGO DE OS PEREGRINOS;23/7/26;amigos peregrinos
0329;NO ACTIVO;BINGO DE OS PEREGRINOS;23/7/26;amigos peregrinos
0330;NO ACTIVO;BINGO DE OS PEREGRINOS;23/7/26;amigos peregrinos
0331;NO ACTIVO;BINGO DE OS PEREGRINOS;23/7/26;amigos peregrinos
0332;NO ACTIVO;BINGO DE OS PEREGRINOS;23/7/26;amigos peregrinos
0333;NO ACTIVO;BINGO DE OS PEREGRINOS;23/7/26;amigos peregrinos
0334;NO ACTIVO;BINGO DE OS PEREGRINOS;23/7/26;amigos peregrinos
0335;NO ACTIVO;BINGO DE OS PEREGRINOS;23/7/26;amigos peregrinos
0336;NO ACTIVO;BINGO DE OS PEREGRINOS;23/7/26;amigos peregrinos
0337;NO ACTIVO;BINGO DE OS PEREGRINOS;23/7/26;amigos peregrinos
0338;NO ACTIVO;BINGO DE OS PEREGRINOS;23/7/26;amigos peregrinos
0339;NO ACTIVO;BINGO DE OS PEREGRINOS;23/7/26;amigos peregrinos
0340;NO ACTIVO;BINGO DE OS PEREGRINOS;23/7/26;amigos peregrinos
0341;NO ACTIVO;BINGO DE OS PEREGRINOS;23/7/26;amigos peregrinos
0342;NO ACTIVO;BINGO DE OS PEREGRINOS;23/7/26;amigos peregrinos
0343;NO ACTIVO;BINGO DE OS PEREGRINOS;23/7/26;amigos peregrinos
0344;NO ACTIVO;BINGO DE OS PEREGRINOS;23/7/26;amigos peregrinos
0345;NO ACTIVO;BINGO DE OS PEREGRINOS;23/7/26;amigos peregrinos
0346;NO ACTIVO;BINGO DE OS PEREGRINOS;23/7/26;amigos peregrinos
0347;NO ACTIVO;BINGO DE OS PEREGRINOS;23/7/26;amigos peregrinos
0348;NO ACTIVO;BINGO DE OS PEREGRINOS;23/7/26;amigos peregrinos
0349;NO ACTIVO;BINGO DE OS PEREGRINOS;23/7/26;amigos peregrinos
0350;NO ACTIVO;BINGO DE OS PEREGRINOS;23/7/26;amigos peregrinos
0351;NO ACTIVO;BINGO DE OS PEREGRINOS;23/7/26;amigos peregrinos
0352;NO ACTIVO;BINGO DE OS PEREGRINOS;23/7/26;amigos peregrinos
0353;NO ACTIVO;BINGO DE OS PEREGRINOS;23/7/26;amigos peregrinos
0354;NO ACTIVO;BINGO DE OS PEREGRINOS;23/7/26;amigos peregrinos
0355;NO ACTIVO;BINGO DE OS PEREGRINOS;23/7/26;amigos peregrinos
0356;NO ACTIVO;BINGO DE OS PEREGRINOS;23/7/26;amigos peregrinos
0357;NO ACTIVO;BINGO DE OS PEREGRINOS;23/7/26;amigos peregrinos
0358;NO ACTIVO;BINGO DE OS PEREGRINOS;23/7/26;amigos peregrinos
0359;NO ACTIVO;BINGO DE OS PEREGRINOS;23/7/26;amigos peregrinos
0360;NO ACTIVO;BINGO DE OS PEREGRINOS;23/7/26;amigos peregrinos
0361;NO ACTIVO;BINGO DE OS PEREGRINOS;23/7/26;amigos peregrinos
0362;NO ACTIVO;BINGO DE OS PEREGRINOS;23/7/26;amigos peregrinos
0363;NO ACTIVO;BINGO DE OS PEREGRINOS;23/7/26;amigos peregrinos
0364;NO ACTIVO;BINGO DE OS PEREGRINOS;23/7/26;amigos peregrinos
0365;NO ACTIVO;BINGO DE OS PEREGRINOS;23/7/26;amigos peregrinos
0366;NO ACTIVO;BINGO DE OS PEREGRINOS;23/7/26;amigos peregrinos
0367;NO ACTIVO;BINGO DE OS PEREGRINOS;23/7/26;amigos peregrinos
0368;NO ACTIVO;BINGO DE OS PEREGRINOS;23/7/26;amigos peregrinos
0369;NO ACTIVO;BINGO DE OS PEREGRINOS;23/7/26;amigos peregrinos
0370;NO ACTIVO;BINGO DE OS PEREGRINOS;23/7/26;amigos peregrinos
0371;NO ACTIVO;BINGO DE OS PEREGRINOS;23/7/26;amigos peregrinos
0372;NO ACTIVO;BINGO DE OS PEREGRINOS;23/7/26;amigos peregrinos
0373;NO ACTIVO;BINGO DE OS PEREGRINOS;23/7/26;amigos peregrinos
0374;NO ACTIVO;BINGO DE OS PEREGRINOS;23/7/26;amigos peregrinos
0375;NO ACTIVO;BINGO DE OS PEREGRINOS;23/7/26;amigos peregrinos
0376;NO ACTIVO;BINGO DE OS PEREGRINOS;23/7/26;amigos peregrinos
0377;NO ACTIVO;BINGO DE OS PEREGRINOS;23/7/26;amigos peregrinos
0378;NO ACTIVO;BINGO DE OS PEREGRINOS;23/7/26;amigos peregrinos
0379;NO ACTIVO;BINGO DE OS PEREGRINOS;23/7/26;amigos peregrinos
0380;NO ACTIVO;BINGO DE OS PEREGRINOS;23/7/26;amigos peregrinos
0381;NO ACTIVO;BINGO DE OS PEREGRINOS;23/7/26;amigos peregrinos
0382;NO ACTIVO;BINGO DE OS PEREGRINOS;23/7/26;amigos peregrinos
0383;NO ACTIVO;BINGO DE OS PEREGRINOS;23/7/26;amigos peregrinos
0384;NO ACTIVO;BINGO DE OS PEREGRINOS;23/7/26;amigos peregrinos
0385;NO ACTIVO;BINGO DE OS PEREGRINOS;23/7/26;amigos peregrinos
0386;NO ACTIVO;BINGO DE OS PEREGRINOS;23/7/26;amigos peregrinos
0387;NO ACTIVO;BINGO DE OS PEREGRINOS;23/7/26;amigos peregrinos
0388;NO ACTIVO;BINGO DE OS PEREGRINOS;23/7/26;amigos peregrinos
0389;NO ACTIVO;BINGO DE OS PEREGRINOS;23/7/26;amigos peregrinos
0390;NO ACTIVO;BINGO DE OS PEREGRINOS;23/7/26;amigos peregrinos
0391;NO ACTIVO;BINGO DE OS PEREGRINOS;23/7/26;amigos peregrinos
0392;NO ACTIVO;BINGO DE OS PEREGRINOS;23/7/26;amigos peregrinos
0393;NO ACTIVO;BINGO DE OS PEREGRINOS;23/7/26;amigos peregrinos
0394;NO ACTIVO;BINGO DE OS PEREGRINOS;23/7/26;amigos peregrinos
0395;NO ACTIVO;BINGO DE OS PEREGRINOS;23/7/26;amigos peregrinos
0396;NO ACTIVO;BINGO DE OS PEREGRINOS;23/7/26;amigos peregrinos
0397;NO ACTIVO;BINGO DE OS PEREGRINOS;23/7/26;amigos peregrinos
0398;NO ACTIVO;BINGO DE OS PEREGRINOS;23/7/26;amigos peregrinos
0399;NO ACTIVO;BINGO DE OS PEREGRINOS;23/7/26;amigos peregrinos
0400;NO ACTIVO;BINGO DE OS PEREGRINOS;23/7/26;amigos peregrinos
0401;NO ACTIVO;BINGO DE OS PEREGRINOS;23/7/26;amigos peregrinos
0402;NO ACTIVO;BINGO DE OS PEREGRINOS;23/7/26;amigos peregrinos
0403;NO ACTIVO;BINGO DE OS PEREGRINOS;23/7/26;amigos peregrinos
0404;NO ACTIVO;BINGO DE OS PEREGRINOS;23/7/26;amigos peregrinos
0405;NO ACTIVO;BINGO DE OS PEREGRINOS;23/7/26;amigos peregrinos
0406;NO ACTIVO;BINGO DE OS PEREGRINOS;23/7/26;amigos peregrinos
0407;NO ACTIVO;BINGO DE OS PEREGRINOS;23/7/26;amigos peregrinos
0408;NO ACTIVO;BINGO DE OS PEREGRINOS;23/7/26;amigos peregrinos
0409;NO ACTIVO;BINGO DE OS PEREGRINOS;23/7/26;amigos peregrinos
0410;NO ACTIVO;BINGO DE OS PEREGRINOS;23/7/26;amigos peregrinos
0411;NO ACTIVO;BINGO DE OS PEREGRINOS;23/7/26;amigos peregrinos
0412;NO ACTIVO;BINGO DE OS PEREGRINOS;23/7/26;amigos peregrinos
0413;NO ACTIVO;BINGO DE OS PEREGRINOS;23/7/26;amigos peregrinos
0414;NO ACTIVO;BINGO DE OS PEREGRINOS;23/7/26;amigos peregrinos
0415;NO ACTIVO;BINGO DE OS PEREGRINOS;23/7/26;amigos peregrinos
0416;NO ACTIVO;BINGO DE OS PEREGRINOS;23/7/26;amigos peregrinos
0417;NO ACTIVO;BINGO DE OS PEREGRINOS;23/7/26;amigos peregrinos
0418;NO ACTIVO;BINGO DE OS PEREGRINOS;23/7/26;amigos peregrinos
0419;NO ACTIVO;BINGO DE OS PEREGRINOS;23/7/26;amigos peregrinos
0420;NO ACTIVO;BINGO DE OS PEREGRINOS;23/7/26;amigos peregrinos
0421;NO ACTIVO;BINGO DE OS PEREGRINOS;23/7/26;amigos peregrinos
0422;NO ACTIVO;BINGO DE OS PEREGRINOS;23/7/26;amigos peregrinos
0423;NO ACTIVO;BINGO DE OS PEREGRINOS;23/7/26;amigos peregrinos
0424;NO ACTIVO;BINGO DE OS PEREGRINOS;23/7/26;amigos peregrinos
0425;NO ACTIVO;BINGO DE OS PEREGRINOS;23/7/26;amigos peregrinos
0426;NO ACTIVO;BINGO DE OS PEREGRINOS;23/7/26;amigos peregrinos
0427;NO ACTIVO;BINGO DE OS PEREGRINOS;23/7/26;amigos peregrinos
0428;NO ACTIVO;BINGO DE OS PEREGRINOS;23/7/26;amigos peregrinos
0429;NO ACTIVO;BINGO DE OS PEREGRINOS;23/7/26;amigos peregrinos
0430;NO ACTIVO;BINGO DE OS PEREGRINOS;23/7/26;amigos peregrinos
0431;NO ACTIVO;BINGO DE OS PEREGRINOS;23/7/26;amigos peregrinos
0432;NO ACTIVO;BINGO DE OS PEREGRINOS;23/7/26;amigos peregrinos
0433;NO ACTIVO;BINGO DE OS PEREGRINOS;23/7/26;amigos peregrinos
0434;NO ACTIVO;BINGO DE OS PEREGRINOS;23/7/26;amigos peregrinos
0435;NO ACTIVO;BINGO DE OS PEREGRINOS;23/7/26;amigos peregrinos
0436;NO ACTIVO;BINGO DE OS PEREGRINOS;23/7/26;amigos peregrinos
0437;NO ACTIVO;BINGO DE OS PEREGRINOS;23/7/26;amigos peregrinos
0438;NO ACTIVO;BINGO DE OS PEREGRINOS;23/7/26;amigos peregrinos
0439;NO ACTIVO;BINGO DE OS PEREGRINOS;23/7/26;amigos peregrinos
0440;NO ACTIVO;BINGO DE OS PEREGRINOS;23/7/26;amigos peregrinos
0441;NO ACTIVO;BINGO DE OS PEREGRINOS;23/7/26;amigos peregrinos
0442;NO ACTIVO;BINGO DE OS PEREGRINOS;23/7/26;amigos peregrinos
0443;NO ACTIVO;BINGO DE OS PEREGRINOS;23/7/26;amigos peregrinos
0444;NO ACTIVO;BINGO DE OS PEREGRINOS;23/7/26;amigos peregrinos
0445;NO ACTIVO;BINGO DE OS PEREGRINOS;23/7/26;amigos peregrinos
0446;NO ACTIVO;BINGO DE OS PEREGRINOS;23/7/26;amigos peregrinos
0447;NO ACTIVO;BINGO DE OS PEREGRINOS;23/7/26;amigos peregrinos
0448;NO ACTIVO;BINGO DE OS PEREGRINOS;23/7/26;amigos peregrinos
0449;NO ACTIVO;BINGO DE OS PEREGRINOS;23/7/26;amigos peregrinos
0450;NO ACTIVO;BINGO DE OS PEREGRINOS;23/7/26;amigos peregrinos
0451;NO ACTIVO;BINGO DE OS PEREGRINOS;23/7/26;amigos peregrinos
0452;NO ACTIVO;BINGO DE OS PEREGRINOS;23/7/26;amigos peregrinos
0453;NO ACTIVO;BINGO DE OS PEREGRINOS;23/7/26;amigos peregrinos
0454;NO ACTIVO;BINGO DE OS PEREGRINOS;23/7/26;amigos peregrinos
0455;NO ACTIVO;BINGO DE OS PEREGRINOS;23/7/26;amigos peregrinos
0456;NO ACTIVO;BINGO DE OS PEREGRINOS;23/7/26;amigos peregrinos
0457;NO ACTIVO;BINGO DE OS PEREGRINOS;23/7/26;amigos peregrinos
0458;NO ACTIVO;BINGO DE OS PEREGRINOS;23/7/26;amigos peregrinos
0459;NO ACTIVO;BINGO DE OS PEREGRINOS;23/7/26;amigos peregrinos
0460;NO ACTIVO;BINGO DE OS PEREGRINOS;23/7/26;amigos peregrinos
0461;NO ACTIVO;BINGO DE OS PEREGRINOS;23/7/26;amigos peregrinos
0462;NO ACTIVO;BINGO DE OS PEREGRINOS;23/7/26;amigos peregrinos
0463;NO ACTIVO;BINGO DE OS PEREGRINOS;23/7/26;amigos peregrinos
0464;NO ACTIVO;BINGO DE OS PEREGRINOS;23/7/26;amigos peregrinos
0465;NO ACTIVO;BINGO DE OS PEREGRINOS;23/7/26;amigos peregrinos
0466;NO ACTIVO;BINGO DE OS PEREGRINOS;23/7/26;amigos peregrinos
0467;NO ACTIVO;BINGO DE OS PEREGRINOS;23/7/26;amigos peregrinos
0468;NO ACTIVO;BINGO DE OS PEREGRINOS;23/7/26;amigos peregrinos
0469;NO ACTIVO;BINGO DE OS PEREGRINOS;23/7/26;amigos peregrinos
0470;NO ACTIVO;BINGO DE OS PEREGRINOS;23/7/26;amigos peregrinos
0471;NO ACTIVO;BINGO DE OS PEREGRINOS;23/7/26;amigos peregrinos
0472;NO ACTIVO;BINGO DE OS PEREGRINOS;23/7/26;amigos peregrinos
0473;NO ACTIVO;BINGO DE OS PEREGRINOS;23/7/26;amigos peregrinos
0474;NO ACTIVO;BINGO DE OS PEREGRINOS;23/7/26;amigos peregrinos
0475;NO ACTIVO;BINGO DE OS PEREGRINOS;23/7/26;amigos peregrinos
0476;NO ACTIVO;BINGO DE OS PEREGRINOS;23/7/26;amigos peregrinos
0477;NO ACTIVO;BINGO DE OS PEREGRINOS;23/7/26;amigos peregrinos
0478;NO ACTIVO;BINGO DE OS PEREGRINOS;23/7/26;amigos peregrinos
0479;NO ACTIVO;BINGO DE OS PEREGRINOS;23/7/26;amigos peregrinos
0480;NO ACTIVO;BINGO DE OS PEREGRINOS;23/7/26;amigos peregrinos
0481;NO ACTIVO;BINGO DE OS PEREGRINOS;23/7/26;amigos peregrinos
0482;NO ACTIVO;BINGO DE OS PEREGRINOS;23/7/26;amigos peregrinos
0483;NO ACTIVO;BINGO DE OS PEREGRINOS;23/7/26;amigos peregrinos
0484;NO ACTIVO;BINGO DE OS PEREGRINOS;23/7/26;amigos peregrinos
0485;NO ACTIVO;BINGO DE OS PEREGRINOS;23/7/26;amigos peregrinos
0486;NO ACTIVO;BINGO DE OS PEREGRINOS;23/7/26;amigos peregrinos
0487;NO ACTIVO;BINGO DE OS PEREGRINOS;23/7/26;amigos peregrinos
0488;NO ACTIVO;BINGO DE OS PEREGRINOS;23/7/26;amigos peregrinos
0489;NO ACTIVO;BINGO DE OS PEREGRINOS;23/7/26;amigos peregrinos
0490;NO ACTIVO;BINGO DE OS PEREGRINOS;23/7/26;amigos peregrinos
0491;NO ACTIVO;BINGO DE OS PEREGRINOS;23/7/26;amigos peregrinos
0492;NO ACTIVO;BINGO DE OS PEREGRINOS;23/7/26;amigos peregrinos
0493;NO ACTIVO;BINGO DE OS PEREGRINOS;23/7/26;amigos peregrinos
0494;NO ACTIVO;BINGO DE OS PEREGRINOS;23/7/26;amigos peregrinos
0495;NO ACTIVO;BINGO DE OS PEREGRINOS;23/7/26;amigos peregrinos
0496;NO ACTIVO;BINGO DE OS PEREGRINOS;23/7/26;amigos peregrinos
0497;NO ACTIVO;BINGO DE OS PEREGRINOS;23/7/26;amigos peregrinos
0498;NO ACTIVO;BINGO DE OS PEREGRINOS;23/7/26;amigos peregrinos
0499;NO ACTIVO;BINGO DE OS PEREGRINOS;23/7/26;amigos peregrinos
0500;NO ACTIVO;BINGO DE OS PEREGRINOS;23/7/26;amigos peregrinos
0501;NO ACTIVO;BINGO DE OS PEREGRINOS;23/7/26;amigos peregrinos
0502;NO ACTIVO;BINGO DE OS PEREGRINOS;23/7/26;amigos peregrinos
0503;NO ACTIVO;BINGO DE OS PEREGRINOS;23/7/26;amigos peregrinos
0504;NO ACTIVO;BINGO DE OS PEREGRINOS;23/7/26;amigos peregrinos
0505;NO ACTIVO;BINGO DE OS PEREGRINOS;23/7/26;amigos peregrinos
0506;NO ACTIVO;BINGO DE OS PEREGRINOS;23/7/26;amigos peregrinos
0507;NO ACTIVO;BINGO DE OS PEREGRINOS;23/7/26;amigos peregrinos
0508;NO ACTIVO;BINGO DE OS PEREGRINOS;23/7/26;amigos peregrinos
0509;NO ACTIVO;BINGO DE OS PEREGRINOS;23/7/26;amigos peregrinos
0510;NO ACTIVO;BINGO DE OS PEREGRINOS;23/7/26;amigos peregrinos
0511;NO ACTIVO;BINGO DE OS PEREGRINOS;23/7/26;amigos peregrinos
0512;NO ACTIVO;BINGO DE OS PEREGRINOS;23/7/26;amigos peregrinos
0513;NO ACTIVO;BINGO DE OS PEREGRINOS;23/7/26;amigos peregrinos
0514;NO ACTIVO;BINGO DE OS PEREGRINOS;23/7/26;amigos peregrinos
0515;NO ACTIVO;BINGO DE OS PEREGRINOS;23/7/26;amigos peregrinos
0516;NO ACTIVO;BINGO DE OS PEREGRINOS;23/7/26;amigos peregrinos
0517;NO ACTIVO;BINGO DE OS PEREGRINOS;23/7/26;amigos peregrinos
0518;NO ACTIVO;BINGO DE OS PEREGRINOS;23/7/26;amigos peregrinos
0519;NO ACTIVO;BINGO DE OS PEREGRINOS;23/7/26;amigos peregrinos
0520;NO ACTIVO;BINGO DE OS PEREGRINOS;23/7/26;amigos peregrinos
0521;NO ACTIVO;BINGO DE OS PEREGRINOS;23/7/26;amigos peregrinos
0522;NO ACTIVO;BINGO DE OS PEREGRINOS;23/7/26;amigos peregrinos
0523;NO ACTIVO;BINGO DE OS PEREGRINOS;23/7/26;amigos peregrinos
0524;NO ACTIVO;BINGO DE OS PEREGRINOS;23/7/26;amigos peregrinos
0525;NO ACTIVO;BINGO DE OS PEREGRINOS;23/7/26;amigos peregrinos
0526;NO ACTIVO;BINGO DE OS PEREGRINOS;23/7/26;amigos peregrinos
0527;NO ACTIVO;BINGO DE OS PEREGRINOS;23/7/26;amigos peregrinos
0528;NO ACTIVO;BINGO DE OS PEREGRINOS;23/7/26;amigos peregrinos
0529;NO ACTIVO;BINGO DE OS PEREGRINOS;23/7/26;amigos peregrinos
0530;NO ACTIVO;BINGO DE OS PEREGRINOS;23/7/26;amigos peregrinos
0531;NO ACTIVO;BINGO DE OS PEREGRINOS;23/7/26;amigos peregrinos
0532;NO ACTIVO;BINGO DE OS PEREGRINOS;23/7/26;amigos peregrinos
0533;NO ACTIVO;BINGO DE OS PEREGRINOS;23/7/26;amigos peregrinos
0534;NO ACTIVO;BINGO DE OS PEREGRINOS;23/7/26;amigos peregrinos
0535;NO ACTIVO;BINGO DE OS PEREGRINOS;23/7/26;amigos peregrinos
0536;NO ACTIVO;BINGO DE OS PEREGRINOS;23/7/26;amigos peregrinos
0537;NO ACTIVO;BINGO DE OS PEREGRINOS;23/7/26;amigos peregrinos
0538;NO ACTIVO;BINGO DE OS PEREGRINOS;23/7/26;amigos peregrinos
0539;NO ACTIVO;BINGO DE OS PEREGRINOS;23/7/26;amigos peregrinos
0540;NO ACTIVO;BINGO DE OS PEREGRINOS;23/7/26;amigos peregrinos
0541;NO ACTIVO;BINGO DE OS PEREGRINOS;23/7/26;amigos peregrinos
0542;NO ACTIVO;BINGO DE OS PEREGRINOS;23/7/26;amigos peregrinos
0543;NO ACTIVO;BINGO DE OS PEREGRINOS;23/7/26;amigos peregrinos
0544;NO ACTIVO;BINGO DE OS PEREGRINOS;23/7/26;amigos peregrinos
0545;NO ACTIVO;BINGO DE OS PEREGRINOS;23/7/26;amigos peregrinos
0546;NO ACTIVO;BINGO DE OS PEREGRINOS;23/7/26;amigos peregrinos
0547;NO ACTIVO;BINGO DE OS PEREGRINOS;23/7/26;amigos peregrinos
0548;NO ACTIVO;BINGO DE OS PEREGRINOS;23/7/26;amigos peregrinos
0549;NO ACTIVO;BINGO DE OS PEREGRINOS;23/7/26;amigos peregrinos
0550;NO ACTIVO;BINGO DE OS PEREGRINOS;23/7/26;amigos peregrinos
0551;NO ACTIVO;BINGO DE OS PEREGRINOS;23/7/26;amigos peregrinos
0552;NO ACTIVO;BINGO DE OS PEREGRINOS;23/7/26;amigos peregrinos
0553;NO ACTIVO;BINGO DE OS PEREGRINOS;23/7/26;amigos peregrinos
0554;NO ACTIVO;BINGO DE OS PEREGRINOS;23/7/26;amigos peregrinos
0555;NO ACTIVO;BINGO DE OS PEREGRINOS;23/7/26;amigos peregrinos
0556;NO ACTIVO;BINGO DE OS PEREGRINOS;23/7/26;amigos peregrinos
0557;NO ACTIVO;BINGO DE OS PEREGRINOS;23/7/26;amigos peregrinos
0558;NO ACTIVO;BINGO DE OS PEREGRINOS;23/7/26;amigos peregrinos
0559;NO ACTIVO;BINGO DE OS PEREGRINOS;23/7/26;amigos peregrinos
0560;NO ACTIVO;BINGO DE OS PEREGRINOS;23/7/26;amigos peregrinos
0561;NO ACTIVO;BINGO DE OS PEREGRINOS;23/7/26;amigos peregrinos
0562;NO ACTIVO;BINGO DE OS PEREGRINOS;23/7/26;amigos peregrinos
0563;NO ACTIVO;BINGO DE OS PEREGRINOS;23/7/26;amigos peregrinos
0564;NO ACTIVO;BINGO DE OS PEREGRINOS;23/7/26;amigos peregrinos
0565;NO ACTIVO;BINGO DE OS PEREGRINOS;23/7/26;amigos peregrinos
0566;NO ACTIVO;BINGO DE OS PEREGRINOS;23/7/26;amigos peregrinos
0567;NO ACTIVO;BINGO DE OS PEREGRINOS;23/7/26;amigos peregrinos
0568;NO ACTIVO;BINGO DE OS PEREGRINOS;23/7/26;amigos peregrinos
0569;NO ACTIVO;BINGO DE OS PEREGRINOS;23/7/26;amigos peregrinos
0570;NO ACTIVO;BINGO DE OS PEREGRINOS;23/7/26;amigos peregrinos
0571;NO ACTIVO;BINGO DE OS PEREGRINOS;23/7/26;amigos peregrinos
0572;NO ACTIVO;BINGO DE OS PEREGRINOS;23/7/26;amigos peregrinos
0573;NO ACTIVO;BINGO DE OS PEREGRINOS;23/7/26;amigos peregrinos
0574;NO ACTIVO;BINGO DE OS PEREGRINOS;23/7/26;amigos peregrinos
0575;NO ACTIVO;BINGO DE OS PEREGRINOS;23/7/26;amigos peregrinos
0576;NO ACTIVO;BINGO DE OS PEREGRINOS;23/7/26;amigos peregrinos
0577;NO ACTIVO;BINGO DE OS PEREGRINOS;23/7/26;amigos peregrinos
0578;NO ACTIVO;BINGO DE OS PEREGRINOS;23/7/26;amigos peregrinos
0579;NO ACTIVO;BINGO DE OS PEREGRINOS;23/7/26;amigos peregrinos
0580;NO ACTIVO;BINGO DE OS PEREGRINOS;23/7/26;amigos peregrinos
0581;NO ACTIVO;BINGO DE OS PEREGRINOS;23/7/26;amigos peregrinos
0582;NO ACTIVO;BINGO DE OS PEREGRINOS;23/7/26;amigos peregrinos
0583;NO ACTIVO;BINGO DE OS PEREGRINOS;23/7/26;amigos peregrinos
0584;NO ACTIVO;BINGO DE OS PEREGRINOS;23/7/26;amigos peregrinos
0585;NO ACTIVO;BINGO DE OS PEREGRINOS;23/7/26;amigos peregrinos
0586;NO ACTIVO;BINGO DE OS PEREGRINOS;23/7/26;amigos peregrinos
0587;NO ACTIVO;BINGO DE OS PEREGRINOS;23/7/26;amigos peregrinos
0588;NO ACTIVO;BINGO DE OS PEREGRINOS;23/7/26;amigos peregrinos
0589;NO ACTIVO;BINGO DE OS PEREGRINOS;23/7/26;amigos peregrinos
0590;NO ACTIVO;BINGO DE OS PEREGRINOS;23/7/26;amigos peregrinos
0591;NO ACTIVO;BINGO DE OS PEREGRINOS;23/7/26;amigos peregrinos
0592;NO ACTIVO;BINGO DE OS PEREGRINOS;23/7/26;amigos peregrinos
0593;NO ACTIVO;BINGO DE OS PEREGRINOS;23/7/26;amigos peregrinos
0594;NO ACTIVO;BINGO DE OS PEREGRINOS;23/7/26;amigos peregrinos
0595;NO ACTIVO;BINGO DE OS PEREGRINOS;23/7/26;amigos peregrinos
0596;NO ACTIVO;BINGO DE OS PEREGRINOS;23/7/26;amigos peregrinos
0597;NO ACTIVO;BINGO DE OS PEREGRINOS;23/7/26;amigos peregrinos
0598;NO ACTIVO;BINGO DE OS PEREGRINOS;23/7/26;amigos peregrinos
0599;NO ACTIVO;BINGO DE OS PEREGRINOS;23/7/26;amigos peregrinos
0600;NO ACTIVO;BINGO DE OS PEREGRINOS;23/7/26;amigos peregrinos
0601;NO ACTIVO;BINGO DE OS PEREGRINOS;23/7/26;amigos peregrinos
0602;NO ACTIVO;BINGO DE OS PEREGRINOS;23/7/26;amigos peregrinos
0603;NO ACTIVO;BINGO DE OS PEREGRINOS;23/7/26;amigos peregrinos
0604;NO ACTIVO;BINGO DE OS PEREGRINOS;23/7/26;amigos peregrinos
0605;NO ACTIVO;BINGO DE OS PEREGRINOS;23/7/26;amigos peregrinos
0606;NO ACTIVO;BINGO DE OS PEREGRINOS;23/7/26;amigos peregrinos
0607;NO ACTIVO;BINGO DE OS PEREGRINOS;23/7/26;amigos peregrinos
0608;NO ACTIVO;BINGO DE OS PEREGRINOS;23/7/26;amigos peregrinos
0609;NO ACTIVO;BINGO DE OS PEREGRINOS;23/7/26;amigos peregrinos
0610;NO ACTIVO;BINGO DE OS PEREGRINOS;23/7/26;amigos peregrinos
0611;NO ACTIVO;BINGO DE OS PEREGRINOS;23/7/26;amigos peregrinos
0612;NO ACTIVO;BINGO DE OS PEREGRINOS;23/7/26;amigos peregrinos
0613;NO ACTIVO;BINGO DE OS PEREGRINOS;23/7/26;amigos peregrinos
0614;NO ACTIVO;BINGO DE OS PEREGRINOS;23/7/26;amigos peregrinos
0615;NO ACTIVO;BINGO DE OS PEREGRINOS;23/7/26;amigos peregrinos
0616;NO ACTIVO;BINGO DE OS PEREGRINOS;23/7/26;amigos peregrinos
0617;NO ACTIVO;BINGO DE OS PEREGRINOS;23/7/26;amigos peregrinos
0618;NO ACTIVO;BINGO DE OS PEREGRINOS;23/7/26;amigos peregrinos
0619;NO ACTIVO;BINGO DE OS PEREGRINOS;23/7/26;amigos peregrinos
0620;NO ACTIVO;BINGO DE OS PEREGRINOS;23/7/26;amigos peregrinos
0621;NO ACTIVO;BINGO DE OS PEREGRINOS;23/7/26;amigos peregrinos
0622;NO ACTIVO;BINGO DE OS PEREGRINOS;23/7/26;amigos peregrinos
0623;NO ACTIVO;BINGO DE OS PEREGRINOS;23/7/26;amigos peregrinos
0624;NO ACTIVO;BINGO DE OS PEREGRINOS;23/7/26;amigos peregrinos
0625;NO ACTIVO;BINGO DE OS PEREGRINOS;23/7/26;amigos peregrinos
0626;NO ACTIVO;BINGO DE OS PEREGRINOS;23/7/26;amigos peregrinos
0627;NO ACTIVO;BINGO DE OS PEREGRINOS;23/7/26;amigos peregrinos
0628;NO ACTIVO;BINGO DE OS PEREGRINOS;23/7/26;amigos peregrinos
0629;NO ACTIVO;BINGO DE OS PEREGRINOS;23/7/26;amigos peregrinos
0630;NO ACTIVO;BINGO DE OS PEREGRINOS;23/7/26;amigos peregrinos
0631;NO ACTIVO;BINGO DE OS PEREGRINOS;23/7/26;amigos peregrinos
0632;NO ACTIVO;BINGO DE OS PEREGRINOS;23/7/26;amigos peregrinos
0633;NO ACTIVO;BINGO DE OS PEREGRINOS;23/7/26;amigos peregrinos
0634;NO ACTIVO;BINGO DE OS PEREGRINOS;23/7/26;amigos peregrinos
0635;NO ACTIVO;BINGO DE OS PEREGRINOS;23/7/26;amigos peregrinos
0636;NO ACTIVO;BINGO DE OS PEREGRINOS;23/7/26;amigos peregrinos
0637;NO ACTIVO;BINGO DE OS PEREGRINOS;23/7/26;amigos peregrinos
0638;NO ACTIVO;BINGO DE OS PEREGRINOS;23/7/26;amigos peregrinos
0639;NO ACTIVO;BINGO DE OS PEREGRINOS;23/7/26;amigos peregrinos
0640;NO ACTIVO;BINGO DE OS PEREGRINOS;23/7/26;amigos peregrinos
0641;NO ACTIVO;BINGO DE OS PEREGRINOS;23/7/26;amigos peregrinos
0642;NO ACTIVO;BINGO DE OS PEREGRINOS;23/7/26;amigos peregrinos
0643;NO ACTIVO;BINGO DE OS PEREGRINOS;23/7/26;amigos peregrinos
0644;NO ACTIVO;BINGO DE OS PEREGRINOS;23/7/26;amigos peregrinos
0645;NO ACTIVO;BINGO DE OS PEREGRINOS;23/7/26;amigos peregrinos
0646;NO ACTIVO;BINGO DE OS PEREGRINOS;23/7/26;amigos peregrinos
0647;NO ACTIVO;BINGO DE OS PEREGRINOS;23/7/26;amigos peregrinos
0648;NO ACTIVO;BINGO DE OS PEREGRINOS;23/7/26;amigos peregrinos
0649;NO ACTIVO;BINGO DE OS PEREGRINOS;23/7/26;amigos peregrinos
0650;NO ACTIVO;BINGO DE OS PEREGRINOS;23/7/26;amigos peregrinos
0651;NO ACTIVO;BINGO DE OS PEREGRINOS;23/7/26;amigos peregrinos
0652;NO ACTIVO;BINGO DE OS PEREGRINOS;23/7/26;amigos peregrinos
0653;NO ACTIVO;BINGO DE OS PEREGRINOS;23/7/26;amigos peregrinos
0654;NO ACTIVO;BINGO DE OS PEREGRINOS;23/7/26;amigos peregrinos
0655;NO ACTIVO;BINGO DE OS PEREGRINOS;23/7/26;amigos peregrinos
0656;NO ACTIVO;BINGO DE OS PEREGRINOS;23/7/26;amigos peregrinos
0657;NO ACTIVO;BINGO DE OS PEREGRINOS;23/7/26;amigos peregrinos
0658;NO ACTIVO;BINGO DE OS PEREGRINOS;23/7/26;amigos peregrinos
0659;NO ACTIVO;BINGO DE OS PEREGRINOS;23/7/26;amigos peregrinos
0660;NO ACTIVO;BINGO DE OS PEREGRINOS;23/7/26;amigos peregrinos
0661;NO ACTIVO;BINGO DE OS PEREGRINOS;23/7/26;amigos peregrinos
0662;NO ACTIVO;BINGO DE OS PEREGRINOS;23/7/26;amigos peregrinos
0663;NO ACTIVO;BINGO DE OS PEREGRINOS;23/7/26;amigos peregrinos
0664;NO ACTIVO;BINGO DE OS PEREGRINOS;23/7/26;amigos peregrinos
0665;NO ACTIVO;BINGO DE OS PEREGRINOS;23/7/26;amigos peregrinos
0666;NO ACTIVO;BINGO DE OS PEREGRINOS;23/7/26;amigos peregrinos
0667;NO ACTIVO;BINGO DE OS PEREGRINOS;23/7/26;amigos peregrinos
0668;NO ACTIVO;BINGO DE OS PEREGRINOS;23/7/26;amigos peregrinos
0669;NO ACTIVO;BINGO DE OS PEREGRINOS;23/7/26;amigos peregrinos
0670;NO ACTIVO;BINGO DE OS PEREGRINOS;23/7/26;amigos peregrinos
0671;NO ACTIVO;BINGO DE OS PEREGRINOS;23/7/26;amigos peregrinos
0672;NO ACTIVO;BINGO DE OS PEREGRINOS;23/7/26;amigos peregrinos
0673;NO ACTIVO;BINGO DE OS PEREGRINOS;23/7/26;amigos peregrinos
0674;NO ACTIVO;BINGO DE OS PEREGRINOS;23/7/26;amigos peregrinos
0675;NO ACTIVO;BINGO DE OS PEREGRINOS;23/7/26;amigos peregrinos
0676;NO ACTIVO;BINGO DE OS PEREGRINOS;23/7/26;amigos peregrinos
0677;NO ACTIVO;BINGO DE OS PEREGRINOS;23/7/26;amigos peregrinos
0678;NO ACTIVO;BINGO DE OS PEREGRINOS;23/7/26;amigos peregrinos
0679;NO ACTIVO;BINGO DE OS PEREGRINOS;23/7/26;amigos peregrinos
0680;NO ACTIVO;BINGO DE OS PEREGRINOS;23/7/26;amigos peregrinos
0681;NO ACTIVO;BINGO DE OS PEREGRINOS;23/7/26;amigos peregrinos
0682;NO ACTIVO;BINGO DE OS PEREGRINOS;23/7/26;amigos peregrinos
0683;NO ACTIVO;BINGO DE OS PEREGRINOS;23/7/26;amigos peregrinos
0684;NO ACTIVO;BINGO DE OS PEREGRINOS;23/7/26;amigos peregrinos
0685;NO ACTIVO;BINGO DE OS PEREGRINOS;23/7/26;amigos peregrinos
0686;NO ACTIVO;BINGO DE OS PEREGRINOS;23/7/26;amigos peregrinos
0687;NO ACTIVO;BINGO DE OS PEREGRINOS;23/7/26;amigos peregrinos
0688;NO ACTIVO;BINGO DE OS PEREGRINOS;23/7/26;amigos peregrinos
0689;NO ACTIVO;BINGO DE OS PEREGRINOS;23/7/26;amigos peregrinos
0690;NO ACTIVO;BINGO DE OS PEREGRINOS;23/7/26;amigos peregrinos
0691;NO ACTIVO;BINGO DE OS PEREGRINOS;23/7/26;amigos peregrinos
0692;NO ACTIVO;BINGO DE OS PEREGRINOS;23/7/26;amigos peregrinos
0693;NO ACTIVO;BINGO DE OS PEREGRINOS;23/7/26;amigos peregrinos
0694;NO ACTIVO;BINGO DE OS PEREGRINOS;23/7/26;amigos peregrinos
0695;NO ACTIVO;BINGO DE OS PEREGRINOS;23/7/26;amigos peregrinos
0696;NO ACTIVO;BINGO DE OS PEREGRINOS;23/7/26;amigos peregrinos
0697;NO ACTIVO;BINGO DE OS PEREGRINOS;23/7/26;amigos peregrinos
0698;NO ACTIVO;BINGO DE OS PEREGRINOS;23/7/26;amigos peregrinos
0699;NO ACTIVO;BINGO DE OS PEREGRINOS;23/7/26;amigos peregrinos
0700;NO ACTIVO;BINGO DE OS PEREGRINOS;23/7/26;amigos peregrinos
0701;NO ACTIVO;BINGO DE OS PEREGRINOS;23/7/26;amigos peregrinos
0702;NO ACTIVO;BINGO DE OS PEREGRINOS;23/7/26;amigos peregrinos
0703;NO ACTIVO;BINGO DE OS PEREGRINOS;23/7/26;amigos peregrinos
0704;NO ACTIVO;BINGO DE OS PEREGRINOS;23/7/26;amigos peregrinos
0705;NO ACTIVO;BINGO DE OS PEREGRINOS;23/7/26;amigos peregrinos
0706;NO ACTIVO;BINGO DE OS PEREGRINOS;23/7/26;amigos peregrinos
0707;NO ACTIVO;BINGO DE OS PEREGRINOS;23/7/26;amigos peregrinos
0708;NO ACTIVO;BINGO DE OS PEREGRINOS;23/7/26;amigos peregrinos
0709;NO ACTIVO;BINGO DE OS PEREGRINOS;23/7/26;amigos peregrinos
0710;NO ACTIVO;BINGO DE OS PEREGRINOS;23/7/26;amigos peregrinos
0711;NO ACTIVO;BINGO DE OS PEREGRINOS;23/7/26;amigos peregrinos
0712;NO ACTIVO;BINGO DE OS PEREGRINOS;23/7/26;amigos peregrinos
0713;NO ACTIVO;BINGO DE OS PEREGRINOS;23/7/26;amigos peregrinos
0714;NO ACTIVO;BINGO DE OS PEREGRINOS;23/7/26;amigos peregrinos
0715;NO ACTIVO;BINGO DE OS PEREGRINOS;23/7/26;amigos peregrinos
0716;NO ACTIVO;BINGO DE OS PEREGRINOS;23/7/26;amigos peregrinos
0717;NO ACTIVO;BINGO DE OS PEREGRINOS;23/7/26;amigos peregrinos
0718;NO ACTIVO;BINGO DE OS PEREGRINOS;23/7/26;amigos peregrinos
0719;NO ACTIVO;BINGO DE OS PEREGRINOS;23/7/26;amigos peregrinos
0720;NO ACTIVO;BINGO DE OS PEREGRINOS;23/7/26;amigos peregrinos
0721;NO ACTIVO;BINGO DE OS PEREGRINOS;23/7/26;amigos peregrinos
0722;NO ACTIVO;BINGO DE OS PEREGRINOS;23/7/26;amigos peregrinos
0723;NO ACTIVO;BINGO DE OS PEREGRINOS;23/7/26;amigos peregrinos
0724;NO ACTIVO;BINGO DE OS PEREGRINOS;23/7/26;amigos peregrinos
0725;NO ACTIVO;BINGO DE OS PEREGRINOS;23/7/26;amigos peregrinos
0726;NO ACTIVO;BINGO DE OS PEREGRINOS;23/7/26;amigos peregrinos
0727;NO ACTIVO;BINGO DE OS PEREGRINOS;23/7/26;amigos peregrinos
0728;NO ACTIVO;BINGO DE OS PEREGRINOS;23/7/26;amigos peregrinos
0729;NO ACTIVO;BINGO DE OS PEREGRINOS;23/7/26;amigos peregrinos
0730;NO ACTIVO;BINGO DE OS PEREGRINOS;23/7/26;amigos peregrinos
0731;NO ACTIVO;BINGO DE OS PEREGRINOS;23/7/26;amigos peregrinos
0732;NO ACTIVO;BINGO DE OS PEREGRINOS;23/7/26;amigos peregrinos
0733;NO ACTIVO;BINGO DE OS PEREGRINOS;23/7/26;amigos peregrinos
0734;NO ACTIVO;BINGO DE OS PEREGRINOS;23/7/26;amigos peregrinos
0735;NO ACTIVO;BINGO DE OS PEREGRINOS;23/7/26;amigos peregrinos
0736;NO ACTIVO;BINGO DE OS PEREGRINOS;23/7/26;amigos peregrinos
0737;NO ACTIVO;BINGO DE OS PEREGRINOS;23/7/26;amigos peregrinos
0738;NO ACTIVO;BINGO DE OS PEREGRINOS;23/7/26;amigos peregrinos
0739;NO ACTIVO;BINGO DE OS PEREGRINOS;23/7/26;amigos peregrinos
0740;NO ACTIVO;BINGO DE OS PEREGRINOS;23/7/26;amigos peregrinos
0741;NO ACTIVO;BINGO DE OS PEREGRINOS;23/7/26;amigos peregrinos
0742;NO ACTIVO;BINGO DE OS PEREGRINOS;23/7/26;amigos peregrinos
0743;NO ACTIVO;BINGO DE OS PEREGRINOS;23/7/26;amigos peregrinos
0744;NO ACTIVO;BINGO DE OS PEREGRINOS;23/7/26;amigos peregrinos
0745;NO ACTIVO;BINGO DE OS PEREGRINOS;23/7/26;amigos peregrinos
0746;NO ACTIVO;BINGO DE OS PEREGRINOS;23/7/26;amigos peregrinos
0747;NO ACTIVO;BINGO DE OS PEREGRINOS;23/7/26;amigos peregrinos
0748;NO ACTIVO;BINGO DE OS PEREGRINOS;23/7/26;amigos peregrinos
0749;NO ACTIVO;BINGO DE OS PEREGRINOS;23/7/26;amigos peregrinos
0750;NO ACTIVO;BINGO DE OS PEREGRINOS;23/7/26;amigos peregrinos
0751;NO ACTIVO;BINGO DE OS PEREGRINOS;23/7/26;amigos peregrinos
0752;NO ACTIVO;BINGO DE OS PEREGRINOS;23/7/26;amigos peregrinos
0753;NO ACTIVO;BINGO DE OS PEREGRINOS;23/7/26;amigos peregrinos
0754;NO ACTIVO;BINGO DE OS PEREGRINOS;23/7/26;amigos peregrinos
0755;NO ACTIVO;BINGO DE OS PEREGRINOS;23/7/26;amigos peregrinos
0756;NO ACTIVO;BINGO DE OS PEREGRINOS;23/7/26;amigos peregrinos
0757;NO ACTIVO;BINGO DE OS PEREGRINOS;23/7/26;amigos peregrinos
0758;NO ACTIVO;BINGO DE OS PEREGRINOS;23/7/26;amigos peregrinos
0759;NO ACTIVO;BINGO DE OS PEREGRINOS;23/7/26;amigos peregrinos
0760;NO ACTIVO;BINGO DE OS PEREGRINOS;23/7/26;amigos peregrinos
0761;NO ACTIVO;BINGO DE OS PEREGRINOS;23/7/26;amigos peregrinos
0762;NO ACTIVO;BINGO DE OS PEREGRINOS;23/7/26;amigos peregrinos
0763;NO ACTIVO;BINGO DE OS PEREGRINOS;23/7/26;amigos peregrinos
0764;NO ACTIVO;BINGO DE OS PEREGRINOS;23/7/26;amigos peregrinos
0765;NO ACTIVO;BINGO DE OS PEREGRINOS;23/7/26;amigos peregrinos
0766;NO ACTIVO;BINGO DE OS PEREGRINOS;23/7/26;amigos peregrinos
0767;NO ACTIVO;BINGO DE OS PEREGRINOS;23/7/26;amigos peregrinos
0768;NO ACTIVO;BINGO DE OS PEREGRINOS;23/7/26;amigos peregrinos
0769;NO ACTIVO;BINGO DE OS PEREGRINOS;23/7/26;amigos peregrinos
0770;NO ACTIVO;BINGO DE OS PEREGRINOS;23/7/26;amigos peregrinos
0771;NO ACTIVO;BINGO DE OS PEREGRINOS;23/7/26;amigos peregrinos
0772;NO ACTIVO;BINGO DE OS PEREGRINOS;23/7/26;amigos peregrinos
0773;NO ACTIVO;BINGO DE OS PEREGRINOS;23/7/26;amigos peregrinos
0774;NO ACTIVO;BINGO DE OS PEREGRINOS;23/7/26;amigos peregrinos
0775;NO ACTIVO;BINGO DE OS PEREGRINOS;23/7/26;amigos peregrinos
0776;NO ACTIVO;BINGO DE OS PEREGRINOS;23/7/26;amigos peregrinos
0777;NO ACTIVO;BINGO DE OS PEREGRINOS;23/7/26;amigos peregrinos
0778;NO ACTIVO;BINGO DE OS PEREGRINOS;23/7/26;amigos peregrinos
0779;NO ACTIVO;BINGO DE OS PEREGRINOS;23/7/26;amigos peregrinos
0780;NO ACTIVO;BINGO DE OS PEREGRINOS;23/7/26;amigos peregrinos
0781;NO ACTIVO;BINGO DE OS PEREGRINOS;23/7/26;amigos peregrinos
0782;NO ACTIVO;BINGO DE OS PEREGRINOS;23/7/26;amigos peregrinos
0783;NO ACTIVO;BINGO DE OS PEREGRINOS;23/7/26;amigos peregrinos
0784;NO ACTIVO;BINGO DE OS PEREGRINOS;23/7/26;amigos peregrinos
0785;NO ACTIVO;BINGO DE OS PEREGRINOS;23/7/26;amigos peregrinos
0786;NO ACTIVO;BINGO DE OS PEREGRINOS;23/7/26;amigos peregrinos
0787;NO ACTIVO;BINGO DE OS PEREGRINOS;23/7/26;amigos peregrinos
0788;NO ACTIVO;BINGO DE OS PEREGRINOS;23/7/26;amigos peregrinos
0789;NO ACTIVO;BINGO DE OS PEREGRINOS;23/7/26;amigos peregrinos
0790;NO ACTIVO;BINGO DE OS PEREGRINOS;23/7/26;amigos peregrinos
0791;NO ACTIVO;BINGO DE OS PEREGRINOS;23/7/26;amigos peregrinos
0792;NO ACTIVO;BINGO DE OS PEREGRINOS;23/7/26;amigos peregrinos
0793;NO ACTIVO;BINGO DE OS PEREGRINOS;23/7/26;amigos peregrinos
0794;NO ACTIVO;BINGO DE OS PEREGRINOS;23/7/26;amigos peregrinos
0795;NO ACTIVO;BINGO DE OS PEREGRINOS;23/7/26;amigos peregrinos
0796;NO ACTIVO;BINGO DE OS PEREGRINOS;23/7/26;amigos peregrinos
0797;NO ACTIVO;BINGO DE OS PEREGRINOS;23/7/26;amigos peregrinos
0798;NO ACTIVO;BINGO DE OS PEREGRINOS;23/7/26;amigos peregrinos
0799;NO ACTIVO;BINGO DE OS PEREGRINOS;23/7/26;amigos peregrinos
0800;NO ACTIVO;BINGO DE OS PEREGRINOS;23/7/26;amigos peregrinos
0801;NO ACTIVO;BINGO DE OS PEREGRINOS;23/7/26;amigos peregrinos
0802;NO ACTIVO;BINGO DE OS PEREGRINOS;23/7/26;amigos peregrinos
0803;NO ACTIVO;BINGO DE OS PEREGRINOS;23/7/26;amigos peregrinos
0804;NO ACTIVO;BINGO DE OS PEREGRINOS;23/7/26;amigos peregrinos
0805;NO ACTIVO;BINGO DE OS PEREGRINOS;23/7/26;amigos peregrinos
0806;NO ACTIVO;BINGO DE OS PEREGRINOS;23/7/26;amigos peregrinos
0807;NO ACTIVO;BINGO DE OS PEREGRINOS;23/7/26;amigos peregrinos
0808;NO ACTIVO;BINGO DE OS PEREGRINOS;23/7/26;amigos peregrinos
0809;NO ACTIVO;BINGO DE OS PEREGRINOS;23/7/26;amigos peregrinos
0810;NO ACTIVO;BINGO DE OS PEREGRINOS;23/7/26;amigos peregrinos
0811;NO ACTIVO;BINGO DE OS PEREGRINOS;23/7/26;amigos peregrinos
0812;NO ACTIVO;BINGO DE OS PEREGRINOS;23/7/26;amigos peregrinos
0813;NO ACTIVO;BINGO DE OS PEREGRINOS;23/7/26;amigos peregrinos
0814;NO ACTIVO;BINGO DE OS PEREGRINOS;23/7/26;amigos peregrinos
0815;NO ACTIVO;BINGO DE OS PEREGRINOS;23/7/26;amigos peregrinos
0816;NO ACTIVO;BINGO DE OS PEREGRINOS;23/7/26;amigos peregrinos
0817;NO ACTIVO;BINGO DE OS PEREGRINOS;23/7/26;amigos peregrinos
0818;NO ACTIVO;BINGO DE OS PEREGRINOS;23/7/26;amigos peregrinos
0819;NO ACTIVO;BINGO DE OS PEREGRINOS;23/7/26;amigos peregrinos
0820;NO ACTIVO;BINGO DE OS PEREGRINOS;23/7/26;amigos peregrinos
0821;NO ACTIVO;BINGO DE OS PEREGRINOS;23/7/26;amigos peregrinos
0822;NO ACTIVO;BINGO DE OS PEREGRINOS;23/7/26;amigos peregrinos
0823;NO ACTIVO;BINGO DE OS PEREGRINOS;23/7/26;amigos peregrinos
0824;NO ACTIVO;BINGO DE OS PEREGRINOS;23/7/26;amigos peregrinos
0825;NO ACTIVO;BINGO DE OS PEREGRINOS;23/7/26;amigos peregrinos
0826;NO ACTIVO;BINGO DE OS PEREGRINOS;23/7/26;amigos peregrinos
0827;NO ACTIVO;BINGO DE OS PEREGRINOS;23/7/26;amigos peregrinos
0828;NO ACTIVO;BINGO DE OS PEREGRINOS;23/7/26;amigos peregrinos
0829;NO ACTIVO;BINGO DE OS PEREGRINOS;23/7/26;amigos peregrinos
0830;NO ACTIVO;BINGO DE OS PEREGRINOS;23/7/26;amigos peregrinos
0831;NO ACTIVO;BINGO DE OS PEREGRINOS;23/7/26;amigos peregrinos
0832;NO ACTIVO;BINGO DE OS PEREGRINOS;23/7/26;amigos peregrinos
0833;NO ACTIVO;BINGO DE OS PEREGRINOS;23/7/26;amigos peregrinos
0834;NO ACTIVO;BINGO DE OS PEREGRINOS;23/7/26;amigos peregrinos
0835;NO ACTIVO;BINGO DE OS PEREGRINOS;23/7/26;amigos peregrinos
0836;NO ACTIVO;BINGO DE OS PEREGRINOS;23/7/26;amigos peregrinos
0837;NO ACTIVO;BINGO DE OS PEREGRINOS;23/7/26;amigos peregrinos
0838;NO ACTIVO;BINGO DE OS PEREGRINOS;23/7/26;amigos peregrinos
0839;NO ACTIVO;BINGO DE OS PEREGRINOS;23/7/26;amigos peregrinos
0840;NO ACTIVO;BINGO DE OS PEREGRINOS;23/7/26;amigos peregrinos
0841;NO ACTIVO;BINGO DE OS PEREGRINOS;23/7/26;amigos peregrinos
0842;NO ACTIVO;BINGO DE OS PEREGRINOS;23/7/26;amigos peregrinos
0843;NO ACTIVO;BINGO DE OS PEREGRINOS;23/7/26;amigos peregrinos
0844;NO ACTIVO;BINGO DE OS PEREGRINOS;23/7/26;amigos peregrinos
0845;NO ACTIVO;BINGO DE OS PEREGRINOS;23/7/26;amigos peregrinos
0846;NO ACTIVO;BINGO DE OS PEREGRINOS;23/7/26;amigos peregrinos
0847;NO ACTIVO;BINGO DE OS PEREGRINOS;23/7/26;amigos peregrinos
0848;NO ACTIVO;BINGO DE OS PEREGRINOS;23/7/26;amigos peregrinos
0849;NO ACTIVO;BINGO DE OS PEREGRINOS;23/7/26;amigos peregrinos
0850;NO ACTIVO;BINGO DE OS PEREGRINOS;23/7/26;amigos peregrinos
0851;NO ACTIVO;BINGO DE OS PEREGRINOS;23/7/26;amigos peregrinos
0852;NO ACTIVO;BINGO DE OS PEREGRINOS;23/7/26;amigos peregrinos
0853;NO ACTIVO;BINGO DE OS PEREGRINOS;23/7/26;amigos peregrinos
0854;NO ACTIVO;BINGO DE OS PEREGRINOS;23/7/26;amigos peregrinos
0855;NO ACTIVO;BINGO DE OS PEREGRINOS;23/7/26;amigos peregrinos
0856;NO ACTIVO;BINGO DE OS PEREGRINOS;23/7/26;amigos peregrinos
0857;NO ACTIVO;BINGO DE OS PEREGRINOS;23/7/26;amigos peregrinos
0858;NO ACTIVO;BINGO DE OS PEREGRINOS;23/7/26;amigos peregrinos
0859;NO ACTIVO;BINGO DE OS PEREGRINOS;23/7/26;amigos peregrinos
0860;NO ACTIVO;BINGO DE OS PEREGRINOS;23/7/26;amigos peregrinos
0861;NO ACTIVO;BINGO DE OS PEREGRINOS;23/7/26;amigos peregrinos
0862;NO ACTIVO;BINGO DE OS PEREGRINOS;23/7/26;amigos peregrinos
0863;NO ACTIVO;BINGO DE OS PEREGRINOS;23/7/26;amigos peregrinos
0864;NO ACTIVO;BINGO DE OS PEREGRINOS;23/7/26;amigos peregrinos
0865;NO ACTIVO;BINGO DE OS PEREGRINOS;23/7/26;amigos peregrinos
0866;NO ACTIVO;BINGO DE OS PEREGRINOS;23/7/26;amigos peregrinos
0867;NO ACTIVO;BINGO DE OS PEREGRINOS;23/7/26;amigos peregrinos
0868;NO ACTIVO;BINGO DE OS PEREGRINOS;23/7/26;amigos peregrinos
0869;NO ACTIVO;BINGO DE OS PEREGRINOS;23/7/26;amigos peregrinos
0870;NO ACTIVO;BINGO DE OS PEREGRINOS;23/7/26;amigos peregrinos
0871;NO ACTIVO;BINGO DE OS PEREGRINOS;23/7/26;amigos peregrinos
0872;NO ACTIVO;BINGO DE OS PEREGRINOS;23/7/26;amigos peregrinos
0873;NO ACTIVO;BINGO DE OS PEREGRINOS;23/7/26;amigos peregrinos
0874;NO ACTIVO;BINGO DE OS PEREGRINOS;23/7/26;amigos peregrinos
0875;NO ACTIVO;BINGO DE OS PEREGRINOS;23/7/26;amigos peregrinos
0876;NO ACTIVO;BINGO DE OS PEREGRINOS;23/7/26;amigos peregrinos
0877;NO ACTIVO;BINGO DE OS PEREGRINOS;23/7/26;amigos peregrinos
0878;NO ACTIVO;BINGO DE OS PEREGRINOS;23/7/26;amigos peregrinos
0879;NO ACTIVO;BINGO DE OS PEREGRINOS;23/7/26;amigos peregrinos
0880;NO ACTIVO;BINGO DE OS PEREGRINOS;23/7/26;amigos peregrinos
0881;NO ACTIVO;BINGO DE OS PEREGRINOS;23/7/26;amigos peregrinos
0882;NO ACTIVO;BINGO DE OS PEREGRINOS;23/7/26;amigos peregrinos
0883;NO ACTIVO;BINGO DE OS PEREGRINOS;23/7/26;amigos peregrinos
0884;NO ACTIVO;BINGO DE OS PEREGRINOS;23/7/26;amigos peregrinos
0885;NO ACTIVO;BINGO DE OS PEREGRINOS;23/7/26;amigos peregrinos
0886;NO ACTIVO;BINGO DE OS PEREGRINOS;23/7/26;amigos peregrinos
0887;NO ACTIVO;BINGO DE OS PEREGRINOS;23/7/26;amigos peregrinos
0888;NO ACTIVO;BINGO DE OS PEREGRINOS;23/7/26;amigos peregrinos
0889;NO ACTIVO;BINGO DE OS PEREGRINOS;23/7/26;amigos peregrinos
0890;NO ACTIVO;BINGO DE OS PEREGRINOS;23/7/26;amigos peregrinos
0891;NO ACTIVO;BINGO DE OS PEREGRINOS;23/7/26;amigos peregrinos
0892;NO ACTIVO;BINGO DE OS PEREGRINOS;23/7/26;amigos peregrinos
0893;NO ACTIVO;BINGO DE OS PEREGRINOS;23/7/26;amigos peregrinos
0894;NO ACTIVO;BINGO DE OS PEREGRINOS;23/7/26;amigos peregrinos
0895;NO ACTIVO;BINGO DE OS PEREGRINOS;23/7/26;amigos peregrinos
0896;NO ACTIVO;BINGO DE OS PEREGRINOS;23/7/26;amigos peregrinos
0897;NO ACTIVO;BINGO DE OS PEREGRINOS;23/7/26;amigos peregrinos
0898;NO ACTIVO;BINGO DE OS PEREGRINOS;23/7/26;amigos peregrinos
0899;NO ACTIVO;BINGO DE OS PEREGRINOS;23/7/26;amigos peregrinos
0900;NO ACTIVO;BINGO DE OS PEREGRINOS;23/7/26;amigos peregrinos
0901;NO ACTIVO;BINGO DE OS PEREGRINOS;23/7/26;amigos peregrinos
0902;NO ACTIVO;BINGO DE OS PEREGRINOS;23/7/26;amigos peregrinos
0903;NO ACTIVO;BINGO DE OS PEREGRINOS;23/7/26;amigos peregrinos
0904;NO ACTIVO;BINGO DE OS PEREGRINOS;23/7/26;amigos peregrinos
0905;NO ACTIVO;BINGO DE OS PEREGRINOS;23/7/26;amigos peregrinos
0906;NO ACTIVO;BINGO DE OS PEREGRINOS;23/7/26;amigos peregrinos
0907;NO ACTIVO;BINGO DE OS PEREGRINOS;23/7/26;amigos peregrinos
0908;NO ACTIVO;BINGO DE OS PEREGRINOS;23/7/26;amigos peregrinos
0909;NO ACTIVO;BINGO DE OS PEREGRINOS;23/7/26;amigos peregrinos
0910;NO ACTIVO;BINGO DE OS PEREGRINOS;23/7/26;amigos peregrinos
0911;NO ACTIVO;BINGO DE OS PEREGRINOS;23/7/26;amigos peregrinos
0912;NO ACTIVO;BINGO DE OS PEREGRINOS;23/7/26;amigos peregrinos
0913;NO ACTIVO;BINGO DE OS PEREGRINOS;23/7/26;amigos peregrinos
0914;NO ACTIVO;BINGO DE OS PEREGRINOS;23/7/26;amigos peregrinos
0915;NO ACTIVO;BINGO DE OS PEREGRINOS;23/7/26;amigos peregrinos
0916;NO ACTIVO;BINGO DE OS PEREGRINOS;23/7/26;amigos peregrinos
0917;NO ACTIVO;BINGO DE OS PEREGRINOS;23/7/26;amigos peregrinos
0918;NO ACTIVO;BINGO DE OS PEREGRINOS;23/7/26;amigos peregrinos
0919;NO ACTIVO;BINGO DE OS PEREGRINOS;23/7/26;amigos peregrinos
0920;NO ACTIVO;BINGO DE OS PEREGRINOS;23/7/26;amigos peregrinos
0921;NO ACTIVO;BINGO DE OS PEREGRINOS;23/7/26;amigos peregrinos
0922;NO ACTIVO;BINGO DE OS PEREGRINOS;23/7/26;amigos peregrinos
0923;NO ACTIVO;BINGO DE OS PEREGRINOS;23/7/26;amigos peregrinos
0924;NO ACTIVO;BINGO DE OS PEREGRINOS;23/7/26;amigos peregrinos
0925;NO ACTIVO;BINGO DE OS PEREGRINOS;23/7/26;amigos peregrinos
0926;NO ACTIVO;BINGO DE OS PEREGRINOS;23/7/26;amigos peregrinos
0927;NO ACTIVO;BINGO DE OS PEREGRINOS;23/7/26;amigos peregrinos
0928;NO ACTIVO;BINGO DE OS PEREGRINOS;23/7/26;amigos peregrinos
0929;NO ACTIVO;BINGO DE OS PEREGRINOS;23/7/26;amigos peregrinos
0930;NO ACTIVO;BINGO DE OS PEREGRINOS;23/7/26;amigos peregrinos
0931;NO ACTIVO;BINGO DE OS PEREGRINOS;23/7/26;amigos peregrinos
0932;NO ACTIVO;BINGO DE OS PEREGRINOS;23/7/26;amigos peregrinos
0933;NO ACTIVO;BINGO DE OS PEREGRINOS;23/7/26;amigos peregrinos
0934;NO ACTIVO;BINGO DE OS PEREGRINOS;23/7/26;amigos peregrinos
0935;NO ACTIVO;BINGO DE OS PEREGRINOS;23/7/26;amigos peregrinos
0936;NO ACTIVO;BINGO DE OS PEREGRINOS;23/7/26;amigos peregrinos
0937;NO ACTIVO;BINGO DE OS PEREGRINOS;23/7/26;amigos peregrinos
0938;NO ACTIVO;BINGO DE OS PEREGRINOS;23/7/26;amigos peregrinos
0939;NO ACTIVO;BINGO DE OS PEREGRINOS;23/7/26;amigos peregrinos
0940;NO ACTIVO;BINGO DE OS PEREGRINOS;23/7/26;amigos peregrinos
0941;NO ACTIVO;BINGO DE OS PEREGRINOS;23/7/26;amigos peregrinos
0942;NO ACTIVO;BINGO DE OS PEREGRINOS;23/7/26;amigos peregrinos
0943;NO ACTIVO;BINGO DE OS PEREGRINOS;23/7/26;amigos peregrinos
0944;NO ACTIVO;BINGO DE OS PEREGRINOS;23/7/26;amigos peregrinos
0945;NO ACTIVO;BINGO DE OS PEREGRINOS;23/7/26;amigos peregrinos
0946;NO ACTIVO;BINGO DE OS PEREGRINOS;23/7/26;amigos peregrinos
0947;NO ACTIVO;BINGO DE OS PEREGRINOS;23/7/26;amigos peregrinos
0948;NO ACTIVO;BINGO DE OS PEREGRINOS;23/7/26;amigos peregrinos
0949;NO ACTIVO;BINGO DE OS PEREGRINOS;23/7/26;amigos peregrinos
0950;NO ACTIVO;BINGO DE OS PEREGRINOS;23/7/26;amigos peregrinos
0951;NO ACTIVO;BINGO DE OS PEREGRINOS;23/7/26;amigos peregrinos
0952;NO ACTIVO;BINGO DE OS PEREGRINOS;23/7/26;amigos peregrinos
0953;NO ACTIVO;BINGO DE OS PEREGRINOS;23/7/26;amigos peregrinos
0954;NO ACTIVO;BINGO DE OS PEREGRINOS;23/7/26;amigos peregrinos
0955;NO ACTIVO;BINGO DE OS PEREGRINOS;23/7/26;amigos peregrinos
0956;NO ACTIVO;BINGO DE OS PEREGRINOS;23/7/26;amigos peregrinos
0957;NO ACTIVO;BINGO DE OS PEREGRINOS;23/7/26;amigos peregrinos
0958;NO ACTIVO;BINGO DE OS PEREGRINOS;23/7/26;amigos peregrinos
0959;NO ACTIVO;BINGO DE OS PEREGRINOS;23/7/26;amigos peregrinos
0960;NO ACTIVO;BINGO DE OS PEREGRINOS;23/7/26;amigos peregrinos
0961;NO ACTIVO;BINGO DE OS PEREGRINOS;23/7/26;amigos peregrinos
0962;NO ACTIVO;BINGO DE OS PEREGRINOS;23/7/26;amigos peregrinos
0963;NO ACTIVO;BINGO DE OS PEREGRINOS;23/7/26;amigos peregrinos
0964;NO ACTIVO;BINGO DE OS PEREGRINOS;23/7/26;amigos peregrinos
0965;NO ACTIVO;BINGO DE OS PEREGRINOS;23/7/26;amigos peregrinos
0966;NO ACTIVO;BINGO DE OS PEREGRINOS;23/7/26;amigos peregrinos
0967;NO ACTIVO;BINGO DE OS PEREGRINOS;23/7/26;amigos peregrinos
0968;NO ACTIVO;BINGO DE OS PEREGRINOS;23/7/26;amigos peregrinos
0969;NO ACTIVO;BINGO DE OS PEREGRINOS;23/7/26;amigos peregrinos
0970;NO ACTIVO;BINGO DE OS PEREGRINOS;23/7/26;amigos peregrinos
0971;NO ACTIVO;BINGO DE OS PEREGRINOS;23/7/26;amigos peregrinos
0972;NO ACTIVO;BINGO DE OS PEREGRINOS;23/7/26;amigos peregrinos
0973;NO ACTIVO;BINGO DE OS PEREGRINOS;23/7/26;amigos peregrinos
0974;NO ACTIVO;BINGO DE OS PEREGRINOS;23/7/26;amigos peregrinos
0975;NO ACTIVO;BINGO DE OS PEREGRINOS;23/7/26;amigos peregrinos
0976;NO ACTIVO;BINGO DE OS PEREGRINOS;23/7/26;amigos peregrinos
0977;NO ACTIVO;BINGO DE OS PEREGRINOS;23/7/26;amigos peregrinos
0978;NO ACTIVO;BINGO DE OS PEREGRINOS;23/7/26;amigos peregrinos
0979;NO ACTIVO;BINGO DE OS PEREGRINOS;23/7/26;amigos peregrinos
0980;NO ACTIVO;BINGO DE OS PEREGRINOS;23/7/26;amigos peregrinos
0981;NO ACTIVO;BINGO DE OS PEREGRINOS;23/7/26;amigos peregrinos
0982;NO ACTIVO;BINGO DE OS PEREGRINOS;23/7/26;amigos peregrinos
0983;NO ACTIVO;BINGO DE OS PEREGRINOS;23/7/26;amigos peregrinos
0984;NO ACTIVO;BINGO DE OS PEREGRINOS;23/7/26;amigos peregrinos
0985;NO ACTIVO;BINGO DE OS PEREGRINOS;23/7/26;amigos peregrinos
0986;NO ACTIVO;BINGO DE OS PEREGRINOS;23/7/26;amigos peregrinos
0987;NO ACTIVO;BINGO DE OS PEREGRINOS;23/7/26;amigos peregrinos
0988;NO ACTIVO;BINGO DE OS PEREGRINOS;23/7/26;amigos peregrinos
0989;NO ACTIVO;BINGO DE OS PEREGRINOS;23/7/26;amigos peregrinos
0990;NO ACTIVO;BINGO DE OS PEREGRINOS;23/7/26;amigos peregrinos
0991;NO ACTIVO;BINGO DE OS PEREGRINOS;23/7/26;amigos peregrinos
0992;NO ACTIVO;BINGO DE OS PEREGRINOS;23/7/26;amigos peregrinos
0993;NO ACTIVO;BINGO DE OS PEREGRINOS;23/7/26;amigos peregrinos
0994;NO ACTIVO;BINGO DE OS PEREGRINOS;23/7/26;amigos peregrinos
0995;NO ACTIVO;BINGO DE OS PEREGRINOS;23/7/26;amigos peregrinos
0996;NO ACTIVO;BINGO DE OS PEREGRINOS;23/7/26;amigos peregrinos
0997;NO ACTIVO;BINGO DE OS PEREGRINOS;23/7/26;amigos peregrinos
0998;NO ACTIVO;BINGO DE OS PEREGRINOS;23/7/26;amigos peregrinos
0999;NO ACTIVO;BINGO DE OS PEREGRINOS;23/7/26;amigos peregrinos
1000;NO ACTIVO;BINGO DE OS PEREGRINOS;23/7/26;amigos peregrinos
