Carton;Estado;Linea A;Linea B;Linea C;Comprador;Localidad;Pago
2101;DISPONIBLE;05 - 10 - 20 - 35 - 36 - 47 - 57 - 69 - 86 - 88;02 - 05 - 09 - 15 - 23 - 34 - 41 - 54 - 66 - 79;;;;
2102;DISPONIBLE;02 - 04 - 07 - 08 - 14 - 30 - 31 - 35 - 38 - 62;08 - 21 - 23 - 25 - 28 - 37 - 42 - 49 - 53 - 76;;;;
2103;DISPONIBLE;02 - 07 - 11 - 25 - 31 - 64 - 70 - 74 - 79 - 84;09 - 11 - 20 - 21 - 24 - 50 - 61 - 70 - 88 - 90;;;;
2104;DISPONIBLE;15 - 29 - 37 - 39 - 51 - 52 - 58 - 67 - 76 - 89;04 - 09 - 27 - 43 - 46 - 51 - 54 - 70 - 86 - 89;;;;
2105;DISPONIBLE;08 - 18 - 22 - 24 - 27 - 35 - 53 - 75 - 82 - 83;16 - 29 - 34 - 35 - 44 - 55 - 61 - 79 - 80 - 86;;;;
2106;DISPONIBLE;14 - 15 - 16 - 24 - 28 - 36 - 38 - 43 - 44 - 79;21 - 23 - 35 - 49 - 57 - 58 - 62 - 76 - 82 - 89;;;;
2107;DISPONIBLE;04 - 10 - 16 - 24 - 48 - 49 - 51 - 65 - 66 - 69;10 - 15 - 20 - 33 - 44 - 50 - 53 - 75 - 83 - 84;;;;
2108;DISPONIBLE;12 - 14 - 29 - 32 - 33 - 42 - 66 - 84 - 87 - 89;08 - 25 - 28 - 38 - 43 - 60 - 69 - 74 - 80 - 89;;;;
2109;DISPONIBLE;21 - 22 - 34 - 42 - 49 - 63 - 66 - 70 - 76 - 80;01 - 08 - 09 - 16 - 46 - 50 - 56 - 59 - 79 - 81;;;;
2110;DISPONIBLE;06 - 17 - 21 - 37 - 42 - 54 - 60 - 63 - 71 - 89;23 - 27 - 50 - 56 - 62 - 63 - 69 - 76 - 81 - 86;;;;
2111;DISPONIBLE;20 - 24 - 39 - 47 - 53 - 60 - 68 - 69 - 71 - 83;14 - 26 - 27 - 31 - 32 - 34 - 39 - 63 - 67 - 81;;;;
2112;DISPONIBLE;08 - 22 - 33 - 34 - 48 - 66 - 77 - 79 - 85 - 87;25 - 28 - 38 - 40 - 45 - 52 - 62 - 76 - 77 - 89;;;;
2113;DISPONIBLE;02 - 03 - 07 - 21 - 22 - 47 - 56 - 60 - 61 - 79;18 - 19 - 21 - 30 - 34 - 37 - 57 - 68 - 71 - 76;;;;
2114;DISPONIBLE;14 - 24 - 29 - 36 - 41 - 43 - 75 - 79 - 88 - 89;04 - 07 - 20 - 55 - 77 - 79 - 80 - 81 - 82 - 84;;;;
2115;DISPONIBLE;13 - 15 - 26 - 37 - 42 - 46 - 51 - 52 - 57 - 72;05 - 08 - 09 - 24 - 27 - 43 - 47 - 64 - 67 - 76;;;;
2116;DISPONIBLE;10 - 25 - 27 - 45 - 57 - 60 - 66 - 76 - 79 - 83;02 - 07 - 19 - 40 - 46 - 49 - 52 - 54 - 62 - 75;;;;
2117;DISPONIBLE;02 - 08 - 12 - 29 - 31 - 33 - 47 - 57 - 65 - 77;19 - 25 - 39 - 41 - 43 - 50 - 55 - 72 - 75 - 83;;;;
2118;DISPONIBLE;06 - 26 - 32 - 34 - 59 - 71 - 73 - 74 - 83 - 85;01 - 12 - 34 - 53 - 54 - 56 - 62 - 80 - 83 - 89;;;;
2119;DISPONIBLE;10 - 12 - 19 - 25 - 47 - 52 - 55 - 69 - 82 - 84;08 - 13 - 15 - 20 - 21 - 33 - 38 - 59 - 63 - 79;;;;
2120;DISPONIBLE;10 - 31 - 35 - 41 - 46 - 49 - 72 - 76 - 79 - 87;01 - 27 - 45 - 49 - 54 - 65 - 66 - 81 - 84 - 86;;;;
2121;DISPONIBLE;04 - 07 - 13 - 21 - 44 - 60 - 66 - 76 - 79 - 86;02 - 24 - 26 - 37 - 46 - 57 - 64 - 66 - 83 - 87;;;;
2122;DISPONIBLE;20 - 23 - 30 - 37 - 41 - 42 - 59 - 66 - 78 - 85;13 - 28 - 34 - 37 - 39 - 62 - 66 - 68 - 71 - 84;;;;
2123;DISPONIBLE;10 - 38 - 43 - 47 - 51 - 59 - 74 - 75 - 80 - 81;06 - 19 - 21 - 36 - 53 - 59 - 64 - 69 - 71 - 77;;;;
2124;DISPONIBLE;11 - 12 - 19 - 27 - 40 - 51 - 60 - 67 - 68 - 69;01 - 02 - 08 - 14 - 17 - 31 - 52 - 68 - 71 - 78;;;;
2125;DISPONIBLE;04 - 14 - 24 - 34 - 39 - 42 - 43 - 50 - 81 - 86;08 - 12 - 20 - 26 - 32 - 35 - 70 - 73 - 81 - 90;;;;
2126;DISPONIBLE;05 - 08 - 13 - 25 - 41 - 57 - 62 - 68 - 69 - 83;16 - 26 - 28 - 37 - 53 - 60 - 71 - 75 - 76 - 90;;;;
2127;DISPONIBLE;06 - 10 - 24 - 55 - 56 - 65 - 74 - 78 - 85 - 88;02 - 10 - 18 - 27 - 31 - 38 - 43 - 79 - 80 - 88;;;;
2128;DISPONIBLE;08 - 11 - 12 - 32 - 42 - 43 - 45 - 55 - 58 - 78;02 - 07 - 13 - 18 - 32 - 33 - 48 - 52 - 60 - 82;;;;
2129;DISPONIBLE;20 - 23 - 38 - 40 - 43 - 47 - 62 - 65 - 72 - 89;04 - 20 - 24 - 42 - 49 - 54 - 55 - 69 - 84 - 90;;;;
2130;DISPONIBLE;03 - 05 - 09 - 22 - 48 - 50 - 64 - 79 - 80 - 82;03 - 07 - 09 - 13 - 18 - 22 - 25 - 54 - 69 - 81;;;;
2131;DISPONIBLE;13 - 18 - 26 - 31 - 37 - 45 - 62 - 75 - 78 - 89;14 - 17 - 22 - 39 - 42 - 43 - 59 - 65 - 74 - 88;;;;
2132;DISPONIBLE;23 - 28 - 29 - 37 - 44 - 47 - 77 - 78 - 84 - 90;19 - 27 - 33 - 50 - 62 - 66 - 77 - 78 - 86 - 89;;;;
2133;DISPONIBLE;24 - 25 - 27 - 31 - 32 - 36 - 39 - 44 - 71 - 84;07 - 08 - 10 - 19 - 28 - 38 - 58 - 82 - 83 - 89;;;;
2134;DISPONIBLE;02 - 04 - 13 - 43 - 51 - 62 - 66 - 68 - 81 - 86;13 - 36 - 40 - 41 - 51 - 67 - 78 - 80 - 82 - 90;;;;
2135;DISPONIBLE;17 - 25 - 33 - 34 - 51 - 55 - 74 - 85 - 88 - 89;05 - 21 - 29 - 36 - 44 - 50 - 65 - 68 - 82 - 83;;;;
2136;DISPONIBLE;05 - 08 - 17 - 22 - 27 - 49 - 61 - 69 - 74 - 87;27 - 37 - 40 - 50 - 57 - 61 - 65 - 67 - 78 - 90;;;;
2137;DISPONIBLE;02 - 05 - 14 - 21 - 32 - 34 - 35 - 52 - 53 - 79;08 - 11 - 17 - 21 - 25 - 31 - 47 - 49 - 67 - 72;;;;
2138;DISPONIBLE;14 - 23 - 26 - 31 - 37 - 38 - 42 - 62 - 64 - 67;26 - 28 - 32 - 35 - 36 - 49 - 53 - 66 - 67 - 70;;;;
2139;DISPONIBLE;05 - 10 - 13 - 23 - 58 - 61 - 75 - 78 - 82 - 87;05 - 15 - 16 - 27 - 42 - 57 - 58 - 64 - 67 - 86;;;;
2140;DISPONIBLE;16 - 22 - 35 - 49 - 54 - 63 - 70 - 72 - 77 - 80;01 - 04 - 08 - 33 - 35 - 39 - 41 - 45 - 50 - 60;;;;
2141;DISPONIBLE;01 - 12 - 16 - 38 - 43 - 51 - 67 - 77 - 80 - 83;23 - 28 - 30 - 44 - 47 - 51 - 67 - 70 - 73 - 87;;;;
2142;DISPONIBLE;06 - 16 - 29 - 34 - 45 - 50 - 56 - 58 - 74 - 83;04 - 15 - 16 - 21 - 23 - 29 - 41 - 59 - 73 - 77;;;;
2143;DISPONIBLE;15 - 21 - 36 - 39 - 43 - 48 - 52 - 70 - 73 - 81;02 - 08 - 21 - 28 - 32 - 36 - 40 - 53 - 54 - 89;;;;
2144;DISPONIBLE;08 - 10 - 24 - 26 - 32 - 38 - 41 - 42 - 65 - 87;02 - 06 - 07 - 09 - 24 - 49 - 61 - 76 - 87 - 90;;;;
2145;DISPONIBLE;07 - 24 - 28 - 35 - 46 - 48 - 51 - 64 - 66 - 69;02 - 08 - 09 - 18 - 33 - 44 - 49 - 62 - 69 - 80;;;;
2146;DISPONIBLE;05 - 06 - 09 - 11 - 24 - 31 - 59 - 78 - 84 - 86;03 - 07 - 18 - 32 - 35 - 40 - 42 - 50 - 72 - 89;;;;
2147;DISPONIBLE;11 - 12 - 30 - 34 - 43 - 46 - 55 - 64 - 73 - 78;20 - 28 - 31 - 40 - 46 - 58 - 60 - 65 - 70 - 77;;;;
2148;DISPONIBLE;24 - 28 - 34 - 44 - 52 - 56 - 58 - 67 - 87 - 88;20 - 21 - 22 - 39 - 42 - 49 - 52 - 56 - 69 - 88;;;;
2149;DISPONIBLE;01 - 13 - 22 - 26 - 30 - 37 - 42 - 46 - 49 - 83;12 - 17 - 21 - 26 - 29 - 38 - 52 - 53 - 62 - 85;;;;
2150;DISPONIBLE;01 - 09 - 18 - 33 - 41 - 42 - 67 - 75 - 79 - 88;03 - 14 - 15 - 40 - 42 - 44 - 46 - 47 - 59 - 76;;;;
2151;DISPONIBLE;10 - 20 - 43 - 59 - 70 - 81 - 83 - 85 - 86 - 90;13 - 18 - 26 - 27 - 31 - 47 - 50 - 73 - 83 - 85;;;;
2152;DISPONIBLE;07 - 14 - 41 - 42 - 46 - 54 - 57 - 67 - 70 - 80;03 - 13 - 16 - 28 - 33 - 50 - 52 - 66 - 89 - 90;;;;
2153;DISPONIBLE;01 - 20 - 53 - 57 - 58 - 67 - 80 - 81 - 87 - 90;03 - 21 - 36 - 65 - 66 - 71 - 79 - 80 - 84 - 90;;;;
2154;DISPONIBLE;01 - 09 - 33 - 36 - 37 - 44 - 66 - 74 - 81 - 82;01 - 46 - 47 - 54 - 60 - 63 - 65 - 67 - 75 - 78;;;;
2155;DISPONIBLE;09 - 10 - 17 - 28 - 34 - 38 - 40 - 78 - 80 - 85;02 - 08 - 12 - 34 - 40 - 54 - 69 - 83 - 84 - 87;;;;
2156;DISPONIBLE;01 - 05 - 15 - 38 - 58 - 64 - 71 - 73 - 74 - 76;16 - 28 - 31 - 42 - 48 - 53 - 55 - 69 - 80 - 82;;;;
2157;DISPONIBLE;02 - 06 - 32 - 33 - 38 - 54 - 65 - 66 - 74 - 80;20 - 22 - 33 - 38 - 41 - 52 - 63 - 72 - 77 - 81;;;;
2158;DISPONIBLE;03 - 13 - 18 - 19 - 22 - 54 - 59 - 70 - 72 - 84;08 - 09 - 16 - 28 - 30 - 52 - 54 - 57 - 65 - 89;;;;
2159;DISPONIBLE;04 - 36 - 56 - 60 - 61 - 63 - 72 - 87 - 88 - 89;30 - 49 - 52 - 60 - 61 - 69 - 73 - 75 - 78 - 90;;;;
2160;DISPONIBLE;04 - 08 - 10 - 15 - 16 - 39 - 53 - 54 - 55 - 83;03 - 05 - 06 - 08 - 10 - 36 - 39 - 57 - 63 - 76;;;;
2161;DISPONIBLE;02 - 22 - 36 - 55 - 62 - 63 - 76 - 86 - 89 - 90;04 - 30 - 31 - 37 - 45 - 50 - 56 - 74 - 86 - 87;;;;
2162;DISPONIBLE;28 - 30 - 50 - 58 - 69 - 73 - 74 - 78 - 84 - 89;05 - 19 - 30 - 45 - 61 - 65 - 75 - 85 - 88 - 89;;;;
2163;DISPONIBLE;05 - 07 - 09 - 15 - 22 - 30 - 38 - 64 - 77 - 85;04 - 07 - 11 - 13 - 33 - 36 - 45 - 52 - 70 - 90;;;;
2164;DISPONIBLE;04 - 19 - 36 - 59 - 61 - 67 - 74 - 75 - 76 - 82;01 - 09 - 27 - 48 - 51 - 55 - 57 - 65 - 89 - 90;;;;
2165;DISPONIBLE;02 - 04 - 11 - 39 - 50 - 51 - 53 - 77 - 83 - 89;09 - 19 - 29 - 34 - 48 - 53 - 65 - 73 - 81 - 88;;;;
2166;DISPONIBLE;19 - 25 - 36 - 41 - 49 - 67 - 68 - 76 - 89 - 90;03 - 22 - 37 - 43 - 47 - 57 - 60 - 68 - 75 - 88;;;;
2167;DISPONIBLE;14 - 16 - 34 - 68 - 70 - 72 - 73 - 82 - 88 - 89;07 - 17 - 26 - 29 - 41 - 52 - 64 - 68 - 82 - 84;;;;
2168;DISPONIBLE;04 - 23 - 25 - 43 - 52 - 56 - 59 - 71 - 76 - 82;04 - 05 - 08 - 13 - 55 - 58 - 60 - 64 - 80 - 82;;;;
2169;DISPONIBLE;01 - 07 - 08 - 21 - 47 - 59 - 69 - 79 - 88 - 90;02 - 08 - 24 - 33 - 61 - 62 - 64 - 68 - 82 - 84;;;;
2170;DISPONIBLE;02 - 29 - 52 - 55 - 67 - 68 - 70 - 71 - 79 - 86;07 - 12 - 31 - 39 - 42 - 44 - 49 - 53 - 75 - 85;;;;
2171;DISPONIBLE;02 - 04 - 07 - 17 - 25 - 38 - 44 - 48 - 65 - 71;19 - 20 - 22 - 37 - 48 - 49 - 54 - 57 - 58 - 87;;;;
2172;DISPONIBLE;02 - 07 - 09 - 35 - 41 - 47 - 51 - 59 - 60 - 69;17 - 38 - 39 - 41 - 42 - 43 - 65 - 74 - 77 - 83;;;;
2173;DISPONIBLE;01 - 06 - 11 - 19 - 23 - 41 - 48 - 51 - 63 - 87;01 - 14 - 30 - 46 - 58 - 60 - 75 - 76 - 80 - 87;;;;
2174;DISPONIBLE;08 - 11 - 12 - 15 - 25 - 30 - 35 - 47 - 63 - 88;22 - 26 - 46 - 54 - 60 - 61 - 63 - 66 - 69 - 81;;;;
2175;DISPONIBLE;05 - 07 - 12 - 34 - 37 - 38 - 60 - 61 - 73 - 87;21 - 27 - 50 - 55 - 58 - 71 - 72 - 73 - 77 - 90;;;;
2176;DISPONIBLE;06 - 16 - 20 - 26 - 29 - 48 - 53 - 56 - 63 - 81;01 - 05 - 19 - 22 - 43 - 47 - 68 - 75 - 83 - 86;;;;
2177;DISPONIBLE;01 - 02 - 06 - 07 - 18 - 30 - 39 - 52 - 58 - 68;01 - 04 - 05 - 07 - 09 - 12 - 23 - 51 - 70 - 86;;;;
2178;DISPONIBLE;02 - 04 - 07 - 12 - 20 - 35 - 39 - 58 - 76 - 81;03 - 07 - 25 - 58 - 71 - 73 - 74 - 78 - 80 - 89;;;;
2179;DISPONIBLE;03 - 09 - 10 - 51 - 55 - 66 - 72 - 78 - 82 - 90;04 - 08 - 13 - 15 - 29 - 61 - 64 - 69 - 74 - 80;;;;
2180;DISPONIBLE;04 - 12 - 13 - 37 - 54 - 55 - 62 - 68 - 79 - 90;09 - 19 - 25 - 26 - 27 - 51 - 58 - 67 - 75 - 78;;;;
2181;DISPONIBLE;01 - 15 - 17 - 20 - 22 - 29 - 33 - 40 - 66 - 86;10 - 26 - 37 - 44 - 46 - 49 - 68 - 73 - 82 - 90;;;;
2182;DISPONIBLE;04 - 07 - 19 - 20 - 25 - 26 - 52 - 73 - 76 - 84;06 - 08 - 21 - 23 - 34 - 38 - 48 - 53 - 61 - 82;;;;
2183;DISPONIBLE;08 - 09 - 17 - 29 - 42 - 53 - 57 - 82 - 84 - 89;05 - 17 - 32 - 34 - 38 - 41 - 58 - 66 - 67 - 86;;;;
2184;DISPONIBLE;01 - 03 - 05 - 18 - 26 - 27 - 64 - 67 - 74 - 87;18 - 23 - 38 - 65 - 68 - 77 - 81 - 85 - 89 - 90;;;;
2185;DISPONIBLE;02 - 09 - 13 - 19 - 21 - 23 - 30 - 41 - 56 - 64;08 - 10 - 25 - 26 - 36 - 42 - 63 - 71 - 75 - 89;;;;
2186;DISPONIBLE;08 - 22 - 32 - 37 - 40 - 43 - 53 - 60 - 69 - 76;04 - 09 - 16 - 28 - 46 - 50 - 53 - 55 - 63 - 64;;;;
2187;DISPONIBLE;03 - 10 - 15 - 17 - 19 - 53 - 55 - 56 - 58 - 64;01 - 11 - 18 - 24 - 46 - 49 - 62 - 72 - 82 - 83;;;;
2188;DISPONIBLE;04 - 05 - 32 - 40 - 42 - 50 - 64 - 74 - 84 - 89;25 - 36 - 37 - 39 - 42 - 50 - 60 - 65 - 67 - 75;;;;
2189;DISPONIBLE;01 - 02 - 06 - 16 - 20 - 55 - 56 - 59 - 88 - 90;09 - 10 - 30 - 37 - 41 - 50 - 54 - 62 - 74 - 77;;;;
2190;DISPONIBLE;15 - 17 - 22 - 32 - 35 - 36 - 51 - 52 - 65 - 73;06 - 18 - 38 - 39 - 54 - 68 - 74 - 84 - 87 - 88;;;;
2191;DISPONIBLE;08 - 13 - 21 - 26 - 29 - 41 - 51 - 66 - 73 - 77;17 - 18 - 19 - 23 - 29 - 37 - 55 - 66 - 72 - 76;;;;
2192;DISPONIBLE;04 - 11 - 12 - 16 - 31 - 37 - 55 - 83 - 84 - 87;14 - 33 - 36 - 40 - 53 - 61 - 63 - 64 - 75 - 81;;;;
2193;DISPONIBLE;04 - 19 - 22 - 24 - 25 - 50 - 69 - 72 - 85 - 86;04 - 07 - 18 - 43 - 46 - 62 - 74 - 79 - 80 - 81;;;;
2194;DISPONIBLE;07 - 20 - 28 - 31 - 39 - 40 - 53 - 54 - 56 - 74;01 - 02 - 12 - 26 - 32 - 42 - 48 - 54 - 74 - 85;;;;
2195;DISPONIBLE;06 - 07 - 08 - 09 - 23 - 43 - 60 - 65 - 75 - 77;08 - 29 - 31 - 32 - 39 - 70 - 72 - 84 - 87 - 89;;;;
2196;DISPONIBLE;08 - 17 - 24 - 44 - 48 - 56 - 68 - 72 - 83 - 87;01 - 23 - 24 - 31 - 50 - 63 - 66 - 69 - 78 - 85;;;;
2197;DISPONIBLE;06 - 24 - 33 - 36 - 42 - 48 - 59 - 69 - 82 - 87;19 - 21 - 30 - 36 - 47 - 54 - 58 - 68 - 77 - 85;;;;
2198;DISPONIBLE;03 - 37 - 40 - 46 - 53 - 55 - 69 - 71 - 74 - 84;15 - 19 - 21 - 34 - 38 - 44 - 47 - 54 - 70 - 77;;;;
2199;DISPONIBLE;23 - 27 - 29 - 35 - 60 - 61 - 73 - 76 - 83 - 88;23 - 54 - 55 - 59 - 68 - 73 - 77 - 83 - 84 - 86;;;;
2200;DISPONIBLE;07 - 11 - 22 - 47 - 53 - 58 - 61 - 67 - 86 - 88;10 - 12 - 15 - 18 - 30 - 35 - 40 - 64 - 87 - 89;;;;
2201;DISPONIBLE;23 - 27 - 29 - 30 - 35 - 48 - 53 - 54 - 62 - 64;05 - 06 - 09 - 11 - 16 - 17 - 27 - 31 - 76 - 78;;;;
2202;DISPONIBLE;05 - 17 - 21 - 45 - 49 - 61 - 62 - 70 - 77 - 87;02 - 05 - 19 - 21 - 23 - 26 - 63 - 70 - 76 - 84;;;;
2203;DISPONIBLE;07 - 14 - 20 - 23 - 28 - 41 - 59 - 61 - 63 - 68;06 - 08 - 16 - 20 - 23 - 30 - 49 - 58 - 69 - 80;;;;
2204;DISPONIBLE;02 - 07 - 12 - 42 - 46 - 57 - 59 - 61 - 68 - 69;05 - 11 - 14 - 25 - 61 - 67 - 73 - 83 - 87 - 89;;;;
2205;DISPONIBLE;03 - 23 - 27 - 64 - 65 - 75 - 78 - 79 - 85 - 86;05 - 17 - 35 - 49 - 54 - 62 - 64 - 65 - 78 - 87;;;;
2206;DISPONIBLE;01 - 11 - 24 - 26 - 45 - 51 - 53 - 73 - 78 - 84;07 - 08 - 34 - 39 - 47 - 48 - 52 - 74 - 76 - 81;;;;
2207;DISPONIBLE;05 - 23 - 28 - 30 - 31 - 54 - 56 - 63 - 66 - 71;17 - 24 - 51 - 53 - 54 - 57 - 75 - 80 - 83 - 87;;;;
2208;DISPONIBLE;39 - 44 - 60 - 61 - 62 - 64 - 69 - 73 - 78 - 83;01 - 09 - 13 - 23 - 42 - 43 - 49 - 52 - 66 - 72;;;;
2209;DISPONIBLE;24 - 34 - 41 - 58 - 62 - 69 - 70 - 71 - 87 - 90;21 - 36 - 39 - 42 - 47 - 58 - 64 - 69 - 87 - 90;;;;
2210;DISPONIBLE;09 - 13 - 14 - 33 - 45 - 62 - 71 - 82 - 85 - 88;03 - 07 - 09 - 12 - 14 - 39 - 44 - 57 - 77 - 90;;;;
2211;DISPONIBLE;16 - 28 - 45 - 50 - 56 - 64 - 67 - 71 - 74 - 90;01 - 10 - 27 - 42 - 47 - 56 - 60 - 73 - 82 - 88;;;;
2212;DISPONIBLE;01 - 06 - 33 - 37 - 40 - 50 - 58 - 68 - 74 - 86;02 - 04 - 08 - 13 - 58 - 62 - 69 - 70 - 78 - 80;;;;
2213;DISPONIBLE;06 - 14 - 24 - 32 - 34 - 35 - 41 - 44 - 63 - 90;02 - 03 - 13 - 20 - 37 - 42 - 44 - 55 - 61 - 66;;;;
2214;DISPONIBLE;06 - 07 - 24 - 29 - 65 - 69 - 72 - 73 - 81 - 83;02 - 17 - 38 - 39 - 41 - 69 - 71 - 79 - 80 - 81;;;;
2215;DISPONIBLE;26 - 29 - 33 - 44 - 45 - 61 - 67 - 68 - 71 - 87;04 - 07 - 08 - 13 - 46 - 48 - 52 - 59 - 78 - 81;;;;
2216;DISPONIBLE;06 - 09 - 18 - 19 - 27 - 56 - 61 - 69 - 78 - 85;08 - 33 - 37 - 42 - 44 - 50 - 51 - 62 - 77 - 82;;;;
2217;DISPONIBLE;02 - 08 - 15 - 17 - 39 - 61 - 69 - 84 - 86 - 87;11 - 12 - 14 - 17 - 23 - 45 - 59 - 63 - 70 - 75;;;;
2218;DISPONIBLE;01 - 04 - 14 - 23 - 41 - 52 - 59 - 70 - 75 - 90;02 - 13 - 17 - 22 - 31 - 33 - 35 - 57 - 73 - 79;;;;
2219;DISPONIBLE;08 - 24 - 25 - 27 - 30 - 39 - 44 - 48 - 52 - 57;04 - 30 - 32 - 33 - 57 - 58 - 66 - 67 - 76 - 82;;;;
2220;DISPONIBLE;08 - 27 - 34 - 38 - 46 - 52 - 61 - 70 - 77 - 85;03 - 27 - 40 - 49 - 55 - 61 - 66 - 70 - 85 - 86;;;;
2221;DISPONIBLE;09 - 23 - 44 - 52 - 53 - 60 - 74 - 80 - 86 - 88;01 - 10 - 16 - 22 - 25 - 27 - 41 - 60 - 69 - 72;;;;
2222;DISPONIBLE;05 - 09 - 21 - 37 - 39 - 49 - 52 - 55 - 56 - 63;04 - 17 - 18 - 22 - 46 - 47 - 48 - 61 - 67 - 86;;;;
2223;DISPONIBLE;01 - 04 - 12 - 44 - 51 - 53 - 63 - 71 - 72 - 84;12 - 13 - 19 - 26 - 35 - 67 - 73 - 76 - 81 - 83;;;;
2224;DISPONIBLE;05 - 07 - 08 - 25 - 42 - 51 - 59 - 70 - 71 - 74;03 - 13 - 26 - 32 - 33 - 39 - 56 - 65 - 75 - 80;;;;
2225;DISPONIBLE;12 - 23 - 32 - 45 - 46 - 47 - 55 - 78 - 84 - 88;27 - 51 - 52 - 57 - 65 - 67 - 69 - 72 - 80 - 90;;;;
2226;DISPONIBLE;07 - 08 - 14 - 37 - 58 - 60 - 65 - 75 - 79 - 81;05 - 20 - 28 - 30 - 50 - 51 - 54 - 55 - 65 - 72;;;;
2227;DISPONIBLE;09 - 13 - 16 - 18 - 25 - 41 - 57 - 58 - 82 - 86;02 - 09 - 10 - 12 - 23 - 52 - 63 - 68 - 71 - 76;;;;
2228;DISPONIBLE;05 - 34 - 35 - 41 - 43 - 46 - 48 - 54 - 60 - 72;04 - 10 - 12 - 14 - 22 - 24 - 32 - 53 - 80 - 84;;;;
2229;DISPONIBLE;01 - 12 - 13 - 22 - 35 - 43 - 65 - 66 - 84 - 85;05 - 08 - 11 - 32 - 41 - 62 - 63 - 64 - 80 - 86;;;;
2230;DISPONIBLE;17 - 24 - 30 - 31 - 37 - 42 - 44 - 50 - 87 - 89;06 - 11 - 28 - 40 - 54 - 58 - 65 - 84 - 88 - 89;;;;
2231;DISPONIBLE;01 - 02 - 05 - 34 - 46 - 48 - 51 - 61 - 66 - 76;06 - 15 - 18 - 21 - 50 - 63 - 65 - 66 - 69 - 78;;;;
2232;DISPONIBLE;28 - 31 - 33 - 41 - 54 - 57 - 69 - 74 - 81 - 86;03 - 10 - 19 - 37 - 48 - 55 - 56 - 59 - 82 - 89;;;;
2233;DISPONIBLE;17 - 26 - 53 - 54 - 60 - 67 - 71 - 75 - 82 - 85;05 - 07 - 08 - 14 - 16 - 19 - 38 - 46 - 47 - 82;;;;
2234;DISPONIBLE;07 - 10 - 12 - 22 - 33 - 55 - 61 - 63 - 69 - 72;01 - 04 - 21 - 24 - 42 - 43 - 70 - 71 - 82 - 85;;;;
2235;DISPONIBLE;24 - 25 - 27 - 34 - 45 - 52 - 60 - 66 - 70 - 87;15 - 16 - 42 - 46 - 48 - 61 - 64 - 67 - 85 - 88;;;;
2236;DISPONIBLE;02 - 05 - 10 - 19 - 34 - 57 - 75 - 80 - 83 - 88;04 - 07 - 20 - 22 - 41 - 50 - 61 - 76 - 82 - 84;;;;
2237;DISPONIBLE;13 - 20 - 36 - 37 - 43 - 47 - 58 - 59 - 72 - 81;05 - 07 - 10 - 15 - 20 - 22 - 35 - 59 - 75 - 90;;;;
2238;DISPONIBLE;21 - 28 - 32 - 49 - 55 - 75 - 77 - 85 - 88 - 89;18 - 19 - 31 - 44 - 47 - 65 - 75 - 77 - 78 - 81;;;;
2239;DISPONIBLE;04 - 23 - 32 - 48 - 56 - 57 - 58 - 66 - 68 - 76;02 - 18 - 20 - 34 - 45 - 46 - 53 - 64 - 70 - 85;;;;
2240;DISPONIBLE;21 - 28 - 37 - 40 - 60 - 63 - 64 - 67 - 71 - 87;15 - 21 - 26 - 27 - 44 - 61 - 67 - 68 - 71 - 78;;;;
2241;DISPONIBLE;04 - 29 - 37 - 41 - 45 - 47 - 64 - 71 - 80 - 84;03 - 05 - 11 - 25 - 28 - 31 - 37 - 39 - 68 - 83;;;;
2242;DISPONIBLE;05 - 13 - 21 - 28 - 34 - 35 - 42 - 49 - 52 - 84;07 - 19 - 27 - 40 - 47 - 51 - 55 - 75 - 76 - 90;;;;
2243;DISPONIBLE;03 - 13 - 20 - 24 - 43 - 50 - 51 - 52 - 62 - 69;11 - 21 - 27 - 35 - 39 - 64 - 69 - 74 - 75 - 79;;;;
2244;DISPONIBLE;24 - 25 - 34 - 37 - 41 - 48 - 68 - 75 - 83 - 85;06 - 12 - 20 - 35 - 41 - 48 - 59 - 64 - 74 - 78;;;;
2245;DISPONIBLE;07 - 09 - 19 - 28 - 33 - 56 - 61 - 68 - 78 - 87;03 - 08 - 30 - 40 - 41 - 52 - 57 - 63 - 71 - 83;;;;
2246;DISPONIBLE;03 - 11 - 14 - 18 - 40 - 44 - 48 - 61 - 69 - 80;02 - 31 - 39 - 41 - 63 - 73 - 81 - 85 - 88 - 89;;;;
2247;DISPONIBLE;01 - 18 - 20 - 24 - 29 - 34 - 45 - 69 - 81 - 88;07 - 18 - 23 - 60 - 65 - 71 - 73 - 77 - 82 - 88;;;;
2248;DISPONIBLE;01 - 02 - 07 - 16 - 29 - 36 - 57 - 66 - 70 - 80;01 - 21 - 28 - 35 - 38 - 56 - 59 - 70 - 72 - 88;;;;
2249;DISPONIBLE;08 - 23 - 26 - 28 - 34 - 53 - 56 - 60 - 85 - 87;02 - 03 - 12 - 30 - 31 - 36 - 38 - 52 - 68 - 72;;;;
2250;DISPONIBLE;26 - 31 - 40 - 50 - 53 - 57 - 75 - 80 - 81 - 88;05 - 10 - 14 - 40 - 41 - 43 - 44 - 46 - 66 - 79;;;;
2251;DISPONIBLE;09 - 13 - 14 - 16 - 17 - 54 - 55 - 58 - 87 - 89;05 - 12 - 15 - 16 - 49 - 64 - 82 - 86 - 87 - 90;;;;
2252;DISPONIBLE;13 - 32 - 44 - 61 - 68 - 70 - 78 - 80 - 85 - 88;12 - 14 - 27 - 50 - 56 - 58 - 63 - 69 - 73 - 84;;;;
2253;DISPONIBLE;13 - 15 - 38 - 43 - 44 - 54 - 67 - 76 - 85 - 87;04 - 09 - 10 - 14 - 17 - 32 - 51 - 59 - 79 - 82;;;;
2254;DISPONIBLE;04 - 06 - 19 - 23 - 33 - 51 - 62 - 65 - 66 - 77;05 - 06 - 08 - 19 - 37 - 39 - 43 - 52 - 68 - 86;;;;
2255;DISPONIBLE;17 - 25 - 27 - 30 - 42 - 51 - 63 - 66 - 77 - 90;01 - 06 - 14 - 32 - 35 - 46 - 53 - 78 - 86 - 89;;;;
2256;DISPONIBLE;03 - 05 - 14 - 28 - 50 - 58 - 77 - 78 - 82 - 90;05 - 27 - 33 - 37 - 51 - 56 - 65 - 74 - 80 - 86;;;;
2257;DISPONIBLE;04 - 07 - 08 - 16 - 27 - 43 - 50 - 63 - 84 - 85;05 - 21 - 25 - 48 - 56 - 62 - 76 - 79 - 80 - 88;;;;
2258;DISPONIBLE;12 - 22 - 24 - 28 - 41 - 66 - 73 - 78 - 79 - 88;01 - 11 - 15 - 17 - 32 - 42 - 61 - 73 - 76 - 78;;;;
2259;DISPONIBLE;09 - 10 - 11 - 39 - 60 - 63 - 68 - 70 - 72 - 80;04 - 32 - 47 - 49 - 52 - 64 - 75 - 76 - 79 - 87;;;;
2260;DISPONIBLE;01 - 08 - 19 - 38 - 43 - 56 - 62 - 65 - 79 - 81;03 - 05 - 08 - 14 - 21 - 51 - 55 - 82 - 83 - 90;;;;
2261;DISPONIBLE;03 - 04 - 43 - 53 - 55 - 68 - 71 - 72 - 80 - 82;13 - 18 - 53 - 68 - 69 - 70 - 76 - 82 - 84 - 85;;;;
2262;DISPONIBLE;17 - 25 - 26 - 27 - 31 - 41 - 44 - 59 - 77 - 80;01 - 15 - 48 - 51 - 55 - 63 - 70 - 73 - 75 - 77;;;;
2263;DISPONIBLE;10 - 15 - 18 - 20 - 39 - 51 - 62 - 71 - 73 - 80;01 - 03 - 07 - 08 - 16 - 20 - 55 - 65 - 70 - 86;;;;
2264;DISPONIBLE;09 - 18 - 29 - 43 - 45 - 52 - 60 - 78 - 82 - 85;09 - 21 - 22 - 37 - 43 - 46 - 63 - 69 - 77 - 89;;;;
2265;DISPONIBLE;01 - 27 - 32 - 33 - 45 - 48 - 51 - 53 - 54 - 76;05 - 14 - 17 - 23 - 48 - 71 - 74 - 77 - 80 - 87;;;;
2266;DISPONIBLE;11 - 13 - 18 - 33 - 36 - 46 - 66 - 72 - 76 - 77;18 - 26 - 31 - 39 - 53 - 59 - 62 - 63 - 77 - 89;;;;
2267;DISPONIBLE;10 - 22 - 29 - 30 - 43 - 45 - 61 - 63 - 75 - 80;01 - 13 - 34 - 60 - 64 - 77 - 81 - 83 - 86 - 90;;;;
2268;DISPONIBLE;08 - 16 - 30 - 36 - 37 - 42 - 49 - 52 - 72 - 85;02 - 03 - 17 - 24 - 28 - 50 - 62 - 64 - 80 - 89;;;;
2269;DISPONIBLE;05 - 19 - 25 - 31 - 32 - 38 - 41 - 46 - 51 - 80;01 - 09 - 20 - 32 - 38 - 39 - 42 - 72 - 75 - 86;;;;
2270;DISPONIBLE;08 - 12 - 13 - 17 - 24 - 32 - 33 - 52 - 61 - 80;08 - 18 - 29 - 43 - 45 - 59 - 61 - 76 - 80 - 83;;;;
2271;DISPONIBLE;02 - 11 - 17 - 22 - 29 - 30 - 41 - 49 - 75 - 79;01 - 09 - 10 - 39 - 49 - 54 - 58 - 71 - 78 - 79;;;;
2272;DISPONIBLE;01 - 02 - 05 - 08 - 19 - 23 - 32 - 52 - 68 - 77;04 - 10 - 15 - 44 - 52 - 54 - 55 - 57 - 71 - 87;;;;
2273;DISPONIBLE;01 - 07 - 08 - 22 - 37 - 54 - 59 - 68 - 83 - 85;02 - 04 - 24 - 33 - 38 - 43 - 57 - 72 - 83 - 85;;;;
2274;DISPONIBLE;01 - 09 - 29 - 32 - 41 - 47 - 48 - 54 - 64 - 70;04 - 11 - 16 - 17 - 22 - 45 - 49 - 56 - 58 - 81;;;;
2275;DISPONIBLE;06 - 10 - 30 - 35 - 36 - 39 - 42 - 59 - 60 - 61;02 - 04 - 12 - 17 - 18 - 35 - 60 - 63 - 84 - 87;;;;
2276;DISPONIBLE;07 - 08 - 16 - 17 - 62 - 63 - 64 - 66 - 74 - 76;06 - 12 - 27 - 31 - 36 - 42 - 55 - 68 - 72 - 88;;;;
2277;DISPONIBLE;10 - 11 - 12 - 25 - 36 - 42 - 63 - 74 - 75 - 80;07 - 23 - 26 - 45 - 55 - 59 - 62 - 71 - 88 - 89;;;;
2278;DISPONIBLE;05 - 16 - 20 - 21 - 22 - 65 - 66 - 67 - 75 - 78;02 - 04 - 22 - 26 - 28 - 54 - 58 - 62 - 66 - 71;;;;
2279;DISPONIBLE;06 - 07 - 10 - 20 - 24 - 26 - 37 - 47 - 63 - 90;01 - 16 - 18 - 19 - 26 - 27 - 58 - 77 - 80 - 88;;;;
2280;DISPONIBLE;09 - 12 - 14 - 17 - 23 - 44 - 59 - 62 - 63 - 77;07 - 35 - 43 - 52 - 53 - 59 - 65 - 70 - 76 - 90;;;;
2281;DISPONIBLE;04 - 07 - 30 - 54 - 56 - 61 - 66 - 74 - 78 - 79;02 - 04 - 11 - 14 - 21 - 28 - 38 - 52 - 64 - 79;;;;
2282;DISPONIBLE;02 - 12 - 27 - 28 - 38 - 43 - 60 - 67 - 82 - 86;01 - 09 - 17 - 23 - 31 - 36 - 38 - 40 - 72 - 76;;;;
2283;DISPONIBLE;02 - 11 - 19 - 20 - 27 - 28 - 45 - 51 - 67 - 68;18 - 23 - 29 - 38 - 39 - 54 - 57 - 62 - 72 - 87;;;;
2284;DISPONIBLE;30 - 31 - 33 - 34 - 36 - 39 - 43 - 45 - 46 - 63;08 - 12 - 35 - 52 - 57 - 59 - 62 - 63 - 75 - 88;;;;
2285;DISPONIBLE;12 - 15 - 21 - 32 - 50 - 62 - 68 - 78 - 83 - 84;01 - 19 - 35 - 37 - 41 - 46 - 50 - 61 - 68 - 88;;;;
2286;DISPONIBLE;12 - 25 - 26 - 31 - 32 - 33 - 47 - 72 - 75 - 85;01 - 29 - 33 - 35 - 47 - 52 - 64 - 72 - 77 - 90;;;;
2287;DISPONIBLE;02 - 12 - 19 - 25 - 28 - 51 - 54 - 65 - 75 - 77;02 - 28 - 29 - 31 - 34 - 44 - 62 - 74 - 83 - 86;;;;
2288;DISPONIBLE;05 - 06 - 16 - 42 - 51 - 55 - 61 - 64 - 69 - 72;04 - 07 - 12 - 32 - 35 - 39 - 42 - 43 - 52 - 62;;;;
2289;DISPONIBLE;02 - 06 - 13 - 17 - 21 - 38 - 39 - 58 - 67 - 71;05 - 19 - 20 - 27 - 48 - 54 - 59 - 63 - 69 - 87;;;;
2290;DISPONIBLE;02 - 14 - 29 - 30 - 34 - 35 - 43 - 57 - 60 - 70;03 - 14 - 19 - 31 - 40 - 46 - 65 - 68 - 78 - 79;;;;
2291;DISPONIBLE;07 - 18 - 36 - 43 - 53 - 62 - 64 - 67 - 77 - 89;24 - 29 - 44 - 54 - 58 - 61 - 66 - 68 - 71 - 74;;;;
2292;DISPONIBLE;03 - 04 - 34 - 35 - 40 - 43 - 48 - 63 - 68 - 72;05 - 25 - 26 - 30 - 39 - 43 - 58 - 63 - 79 - 90;;;;
2293;DISPONIBLE;18 - 27 - 35 - 40 - 52 - 67 - 81 - 82 - 84 - 86;10 - 28 - 42 - 45 - 49 - 66 - 79 - 82 - 83 - 86;;;;
2294;DISPONIBLE;34 - 37 - 42 - 57 - 62 - 63 - 64 - 71 - 85 - 87;07 - 16 - 21 - 25 - 32 - 40 - 44 - 48 - 71 - 72;;;;
2295;DISPONIBLE;04 - 10 - 32 - 33 - 41 - 42 - 60 - 74 - 77 - 89;06 - 11 - 15 - 26 - 44 - 57 - 59 - 73 - 87 - 89;;;;
2296;DISPONIBLE;04 - 10 - 25 - 28 - 46 - 52 - 70 - 78 - 82 - 85;23 - 31 - 42 - 67 - 68 - 71 - 74 - 80 - 85 - 86;;;;
2297;DISPONIBLE;06 - 08 - 14 - 15 - 16 - 34 - 42 - 76 - 79 - 88;09 - 24 - 27 - 33 - 36 - 68 - 76 - 77 - 81 - 88;;;;
2298;DISPONIBLE;03 - 07 - 17 - 24 - 53 - 55 - 76 - 77 - 86 - 88;12 - 21 - 26 - 35 - 51 - 64 - 71 - 74 - 75 - 84;;;;
2299;DISPONIBLE;04 - 08 - 14 - 48 - 52 - 57 - 66 - 67 - 80 - 90;07 - 10 - 28 - 49 - 50 - 52 - 58 - 72 - 76 - 82;;;;
2300;DISPONIBLE;02 - 15 - 19 - 38 - 41 - 43 - 45 - 73 - 77 - 89;05 - 07 - 10 - 25 - 30 - 35 - 43 - 65 - 75 - 80;;;;
2301;DISPONIBLE;02 - 21 - 27 - 37 - 39 - 46 - 64 - 68 - 69 - 70;26 - 32 - 35 - 45 - 65 - 67 - 71 - 73 - 78 - 82;;;;
2302;DISPONIBLE;21 - 30 - 33 - 42 - 43 - 45 - 48 - 56 - 66 - 70;04 - 22 - 24 - 28 - 29 - 31 - 49 - 52 - 58 - 68;;;;
2303;DISPONIBLE;07 - 13 - 37 - 43 - 51 - 55 - 59 - 69 - 80 - 84;09 - 47 - 50 - 61 - 67 - 73 - 76 - 78 - 80 - 81;;;;
2304;DISPONIBLE;05 - 07 - 09 - 15 - 23 - 24 - 44 - 58 - 68 - 82;03 - 34 - 37 - 41 - 52 - 53 - 75 - 79 - 82 - 86;;;;
2305;DISPONIBLE;23 - 25 - 32 - 40 - 42 - 59 - 65 - 71 - 81 - 85;06 - 13 - 14 - 24 - 56 - 57 - 66 - 77 - 84 - 87;;;;
2306;DISPONIBLE;12 - 13 - 17 - 18 - 25 - 34 - 48 - 53 - 74 - 75;11 - 21 - 27 - 31 - 32 - 40 - 48 - 72 - 83 - 84;;;;
2307;DISPONIBLE;01 - 15 - 22 - 23 - 25 - 30 - 53 - 54 - 61 - 74;03 - 10 - 12 - 31 - 32 - 50 - 60 - 61 - 69 - 88;;;;
2308;DISPONIBLE;17 - 24 - 30 - 41 - 51 - 65 - 70 - 73 - 80 - 84;04 - 19 - 30 - 31 - 51 - 66 - 73 - 78 - 85 - 90;;;;
2309;DISPONIBLE;04 - 15 - 45 - 46 - 53 - 54 - 57 - 63 - 64 - 66;01 - 09 - 22 - 24 - 30 - 32 - 42 - 58 - 70 - 77;;;;
2310;DISPONIBLE;17 - 21 - 26 - 27 - 28 - 34 - 35 - 45 - 63 - 74;10 - 23 - 24 - 28 - 38 - 45 - 48 - 52 - 67 - 80;;;;
2311;DISPONIBLE;20 - 27 - 30 - 34 - 40 - 45 - 50 - 54 - 59 - 66;09 - 10 - 13 - 27 - 28 - 68 - 75 - 80 - 81 - 88;;;;
2312;DISPONIBLE;26 - 31 - 32 - 37 - 41 - 43 - 48 - 55 - 57 - 82;07 - 11 - 17 - 20 - 37 - 50 - 53 - 56 - 60 - 76;;;;
2313;DISPONIBLE;04 - 08 - 11 - 41 - 42 - 59 - 63 - 64 - 71 - 89;03 - 07 - 16 - 55 - 60 - 72 - 73 - 80 - 82 - 83;;;;
2314;DISPONIBLE;01 - 02 - 12 - 14 - 36 - 41 - 60 - 77 - 84 - 86;02 - 06 - 07 - 12 - 19 - 21 - 30 - 34 - 48 - 80;;;;
2315;DISPONIBLE;04 - 13 - 19 - 26 - 35 - 59 - 77 - 78 - 86 - 90;24 - 26 - 37 - 42 - 43 - 48 - 58 - 64 - 73 - 87;;;;
2316;DISPONIBLE;15 - 16 - 20 - 24 - 49 - 63 - 73 - 75 - 79 - 80;01 - 08 - 21 - 24 - 27 - 34 - 43 - 81 - 87 - 88;;;;
2317;DISPONIBLE;02 - 08 - 11 - 19 - 21 - 41 - 49 - 59 - 80 - 89;01 - 04 - 13 - 15 - 31 - 42 - 46 - 57 - 68 - 82;;;;
2318;DISPONIBLE;07 - 20 - 22 - 23 - 46 - 48 - 53 - 55 - 56 - 71;15 - 25 - 34 - 48 - 58 - 67 - 69 - 71 - 76 - 83;;;;
2319;DISPONIBLE;15 - 16 - 17 - 40 - 50 - 65 - 69 - 83 - 85 - 89;04 - 09 - 11 - 12 - 14 - 18 - 24 - 45 - 66 - 84;;;;
2320;DISPONIBLE;10 - 11 - 15 - 29 - 33 - 36 - 51 - 72 - 74 - 82;02 - 06 - 09 - 14 - 34 - 45 - 49 - 56 - 59 - 86;;;;
2321;DISPONIBLE;01 - 03 - 15 - 19 - 29 - 44 - 52 - 87 - 88 - 89;03 - 11 - 13 - 18 - 38 - 46 - 50 - 65 - 73 - 89;;;;
2322;DISPONIBLE;06 - 10 - 13 - 14 - 17 - 20 - 37 - 45 - 60 - 80;18 - 23 - 40 - 44 - 51 - 60 - 65 - 66 - 67 - 78;;;;
2323;DISPONIBLE;20 - 25 - 35 - 39 - 45 - 57 - 62 - 74 - 76 - 77;04 - 05 - 09 - 12 - 28 - 32 - 37 - 43 - 61 - 75;;;;
2324;DISPONIBLE;01 - 16 - 22 - 30 - 45 - 56 - 58 - 60 - 75 - 82;17 - 23 - 34 - 39 - 61 - 71 - 72 - 75 - 81 - 86;;;;
2325;DISPONIBLE;17 - 18 - 23 - 39 - 48 - 55 - 64 - 65 - 72 - 79;21 - 29 - 35 - 45 - 47 - 49 - 50 - 58 - 67 - 69;;;;
2326;DISPONIBLE;09 - 31 - 37 - 39 - 66 - 67 - 69 - 81 - 84 - 89;14 - 19 - 23 - 38 - 44 - 56 - 59 - 81 - 86 - 87;;;;
2327;DISPONIBLE;06 - 12 - 15 - 37 - 45 - 66 - 73 - 85 - 89 - 90;13 - 18 - 34 - 35 - 40 - 50 - 51 - 70 - 71 - 75;;;;
2328;DISPONIBLE;19 - 27 - 31 - 32 - 49 - 59 - 71 - 75 - 80 - 88;09 - 12 - 35 - 40 - 63 - 65 - 68 - 72 - 89 - 90;;;;
2329;DISPONIBLE;15 - 27 - 31 - 56 - 61 - 65 - 71 - 85 - 86 - 88;06 - 33 - 36 - 37 - 55 - 61 - 63 - 64 - 81 - 83;;;;
2330;DISPONIBLE;07 - 12 - 16 - 39 - 42 - 61 - 63 - 66 - 81 - 82;18 - 30 - 34 - 41 - 58 - 60 - 76 - 78 - 81 - 88;;;;
2331;DISPONIBLE;06 - 07 - 22 - 26 - 34 - 48 - 49 - 64 - 75 - 81;07 - 13 - 16 - 29 - 31 - 47 - 48 - 49 - 54 - 90;;;;
2332;DISPONIBLE;01 - 11 - 12 - 14 - 30 - 32 - 36 - 53 - 75 - 79;13 - 20 - 22 - 32 - 36 - 49 - 50 - 52 - 64 - 70;;;;
2333;DISPONIBLE;05 - 08 - 11 - 20 - 33 - 35 - 47 - 50 - 57 - 75;03 - 06 - 18 - 19 - 20 - 43 - 46 - 55 - 69 - 73;;;;
2334;DISPONIBLE;01 - 08 - 26 - 39 - 54 - 64 - 65 - 72 - 74 - 90;05 - 12 - 14 - 15 - 16 - 26 - 69 - 84 - 85 - 87;;;;
2335;DISPONIBLE;10 - 11 - 17 - 21 - 35 - 44 - 55 - 60 - 64 - 77;03 - 18 - 19 - 35 - 50 - 53 - 59 - 66 - 73 - 80;;;;
2336;DISPONIBLE;05 - 07 - 14 - 16 - 20 - 23 - 34 - 61 - 74 - 81;05 - 10 - 11 - 37 - 41 - 44 - 47 - 65 - 68 - 87;;;;
2337;DISPONIBLE;10 - 42 - 48 - 49 - 54 - 76 - 78 - 80 - 84 - 88;04 - 11 - 27 - 45 - 48 - 63 - 65 - 75 - 82 - 85;;;;
2338;DISPONIBLE;01 - 08 - 17 - 38 - 41 - 55 - 57 - 65 - 86 - 89;04 - 06 - 12 - 28 - 29 - 36 - 44 - 55 - 67 - 87;;;;
2339;DISPONIBLE;08 - 34 - 36 - 51 - 64 - 65 - 72 - 75 - 76 - 83;10 - 24 - 27 - 47 - 49 - 51 - 78 - 81 - 83 - 89;;;;
2340;DISPONIBLE;01 - 05 - 14 - 15 - 17 - 23 - 24 - 33 - 83 - 84;08 - 10 - 11 - 14 - 38 - 46 - 63 - 80 - 82 - 90;;;;
2341;DISPONIBLE;02 - 11 - 12 - 13 - 20 - 44 - 50 - 56 - 60 - 79;13 - 22 - 23 - 51 - 57 - 61 - 66 - 67 - 73 - 75;;;;
2342;DISPONIBLE;09 - 19 - 30 - 36 - 37 - 70 - 75 - 77 - 81 - 82;02 - 05 - 10 - 14 - 42 - 50 - 53 - 63 - 70 - 80;;;;
2343;DISPONIBLE;16 - 19 - 21 - 24 - 31 - 36 - 37 - 48 - 56 - 87;01 - 06 - 28 - 29 - 58 - 71 - 78 - 79 - 85 - 87;;;;
2344;DISPONIBLE;03 - 11 - 15 - 16 - 25 - 31 - 35 - 56 - 84 - 87;02 - 17 - 20 - 21 - 44 - 54 - 58 - 59 - 65 - 84;;;;
2345;DISPONIBLE;01 - 02 - 03 - 08 - 50 - 56 - 57 - 62 - 63 - 66;13 - 23 - 37 - 46 - 50 - 54 - 58 - 82 - 83 - 86;;;;
2346;DISPONIBLE;01 - 02 - 19 - 22 - 28 - 62 - 64 - 80 - 85 - 86;07 - 09 - 23 - 32 - 37 - 53 - 54 - 63 - 75 - 86;;;;
2347;DISPONIBLE;08 - 18 - 26 - 35 - 39 - 57 - 60 - 76 - 88 - 90;04 - 12 - 34 - 62 - 63 - 66 - 69 - 73 - 81 - 84;;;;
2348;DISPONIBLE;02 - 09 - 17 - 22 - 40 - 47 - 59 - 62 - 77 - 78;05 - 09 - 20 - 27 - 46 - 47 - 66 - 67 - 74 - 76;;;;
2349;DISPONIBLE;01 - 08 - 14 - 28 - 31 - 50 - 52 - 55 - 78 - 81;02 - 07 - 12 - 24 - 37 - 40 - 47 - 48 - 85 - 86;;;;
2350;DISPONIBLE;18 - 22 - 34 - 70 - 72 - 73 - 74 - 81 - 85 - 86;08 - 28 - 34 - 37 - 71 - 73 - 77 - 79 - 84 - 85;;;;
2351;DISPONIBLE;02 - 28 - 30 - 34 - 38 - 49 - 61 - 76 - 83 - 90;16 - 22 - 31 - 32 - 44 - 50 - 57 - 69 - 71 - 73;;;;
2352;DISPONIBLE;05 - 09 - 10 - 12 - 30 - 32 - 51 - 54 - 60 - 71;18 - 23 - 24 - 30 - 60 - 70 - 71 - 77 - 82 - 89;;;;
2353;DISPONIBLE;03 - 08 - 16 - 17 - 20 - 42 - 61 - 65 - 83 - 85;07 - 08 - 11 - 12 - 18 - 24 - 26 - 31 - 64 - 86;;;;
2354;DISPONIBLE;16 - 27 - 33 - 37 - 45 - 54 - 55 - 85 - 86 - 88;08 - 32 - 40 - 52 - 57 - 58 - 66 - 69 - 79 - 82;;;;
2355;DISPONIBLE;05 - 06 - 09 - 28 - 56 - 58 - 64 - 69 - 73 - 84;03 - 15 - 16 - 26 - 36 - 51 - 65 - 66 - 85 - 86;;;;
2356;DISPONIBLE;02 - 07 - 25 - 33 - 36 - 42 - 49 - 62 - 87 - 88;03 - 05 - 40 - 44 - 57 - 60 - 67 - 85 - 86 - 89;;;;
2357;DISPONIBLE;12 - 22 - 30 - 42 - 47 - 55 - 57 - 62 - 71 - 81;09 - 26 - 32 - 67 - 74 - 75 - 80 - 83 - 89 - 90;;;;
2358;DISPONIBLE;01 - 17 - 20 - 23 - 30 - 34 - 36 - 38 - 65 - 72;44 - 48 - 53 - 59 - 61 - 66 - 67 - 69 - 81 - 82;;;;
2359;DISPONIBLE;16 - 21 - 24 - 33 - 35 - 38 - 57 - 68 - 79 - 83;06 - 11 - 14 - 19 - 22 - 26 - 42 - 58 - 63 - 81;;;;
2360;DISPONIBLE;06 - 12 - 21 - 23 - 39 - 47 - 72 - 75 - 81 - 88;02 - 20 - 27 - 32 - 36 - 60 - 63 - 66 - 68 - 71;;;;
2361;DISPONIBLE;16 - 33 - 38 - 50 - 59 - 60 - 70 - 77 - 80 - 81;01 - 02 - 03 - 06 - 21 - 31 - 46 - 49 - 63 - 79;;;;
2362;DISPONIBLE;01 - 14 - 38 - 55 - 59 - 70 - 71 - 74 - 84 - 90;01 - 13 - 18 - 26 - 28 - 42 - 48 - 68 - 71 - 74;;;;
2363;DISPONIBLE;03 - 06 - 19 - 32 - 48 - 62 - 70 - 72 - 79 - 87;04 - 10 - 13 - 24 - 31 - 41 - 46 - 53 - 54 - 88;;;;
2364;DISPONIBLE;03 - 10 - 12 - 32 - 45 - 57 - 60 - 73 - 79 - 90;01 - 02 - 11 - 19 - 48 - 49 - 69 - 70 - 77 - 86;;;;
2365;DISPONIBLE;09 - 14 - 19 - 23 - 54 - 56 - 66 - 81 - 85 - 88;11 - 20 - 21 - 23 - 24 - 41 - 48 - 69 - 76 - 88;;;;
2366;DISPONIBLE;05 - 07 - 11 - 22 - 32 - 49 - 55 - 65 - 82 - 84;02 - 11 - 27 - 32 - 33 - 47 - 65 - 67 - 71 - 78;;;;
2367;DISPONIBLE;02 - 05 - 07 - 25 - 31 - 57 - 58 - 61 - 80 - 87;09 - 31 - 32 - 37 - 44 - 49 - 52 - 61 - 75 - 81;;;;
2368;DISPONIBLE;03 - 04 - 48 - 53 - 57 - 60 - 67 - 68 - 71 - 76;15 - 19 - 25 - 34 - 38 - 40 - 57 - 70 - 84 - 86;;;;
2369;DISPONIBLE;06 - 07 - 18 - 19 - 42 - 47 - 60 - 71 - 77 - 80;05 - 09 - 20 - 22 - 34 - 42 - 55 - 59 - 63 - 71;;;;
2370;DISPONIBLE;14 - 18 - 27 - 29 - 45 - 49 - 60 - 76 - 88 - 89;08 - 15 - 18 - 38 - 41 - 53 - 70 - 78 - 81 - 89;;;;
2371;DISPONIBLE;10 - 18 - 22 - 25 - 31 - 34 - 53 - 65 - 68 - 82;02 - 08 - 09 - 18 - 23 - 25 - 33 - 46 - 70 - 75;;;;
2372;DISPONIBLE;07 - 26 - 35 - 36 - 56 - 63 - 64 - 77 - 82 - 88;14 - 35 - 44 - 46 - 49 - 51 - 53 - 55 - 62 - 81;;;;
2373;DISPONIBLE;12 - 16 - 20 - 22 - 35 - 37 - 43 - 63 - 67 - 81;07 - 31 - 34 - 39 - 44 - 50 - 51 - 57 - 58 - 80;;;;
2374;DISPONIBLE;03 - 09 - 13 - 14 - 21 - 29 - 51 - 59 - 68 - 76;10 - 19 - 21 - 22 - 39 - 45 - 46 - 68 - 79 - 89;;;;
2375;DISPONIBLE;02 - 11 - 14 - 42 - 63 - 67 - 74 - 75 - 84 - 88;11 - 22 - 25 - 33 - 52 - 69 - 70 - 73 - 84 - 88;;;;
2376;DISPONIBLE;13 - 15 - 40 - 51 - 52 - 62 - 66 - 75 - 76 - 77;14 - 21 - 29 - 41 - 47 - 56 - 58 - 61 - 63 - 78;;;;
2377;DISPONIBLE;12 - 17 - 44 - 58 - 61 - 67 - 68 - 73 - 75 - 83;02 - 19 - 26 - 34 - 43 - 49 - 68 - 73 - 74 - 83;;;;
2378;DISPONIBLE;15 - 21 - 24 - 31 - 33 - 40 - 44 - 49 - 66 - 73;09 - 26 - 31 - 37 - 41 - 46 - 65 - 69 - 72 - 85;;;;
2379;DISPONIBLE;02 - 08 - 32 - 37 - 42 - 44 - 45 - 52 - 84 - 85;11 - 20 - 30 - 32 - 37 - 38 - 65 - 68 - 70 - 74;;;;
2380;DISPONIBLE;06 - 19 - 23 - 44 - 47 - 63 - 69 - 78 - 80 - 82;04 - 33 - 37 - 39 - 42 - 46 - 58 - 66 - 75 - 80;;;;
2381;DISPONIBLE;10 - 32 - 33 - 34 - 40 - 46 - 55 - 59 - 61 - 71;07 - 22 - 32 - 36 - 37 - 38 - 57 - 60 - 74 - 76;;;;
2382;DISPONIBLE;35 - 43 - 47 - 52 - 55 - 68 - 69 - 70 - 73 - 88;01 - 06 - 09 - 45 - 51 - 58 - 59 - 62 - 78 - 89;;;;
2383;DISPONIBLE;05 - 09 - 15 - 35 - 39 - 49 - 50 - 55 - 58 - 65;06 - 09 - 34 - 40 - 45 - 49 - 52 - 81 - 83 - 88;;;;
2384;DISPONIBLE;18 - 26 - 34 - 35 - 36 - 58 - 60 - 79 - 88 - 90;11 - 16 - 17 - 28 - 39 - 50 - 54 - 59 - 69 - 89;;;;
2385;DISPONIBLE;09 - 14 - 19 - 40 - 45 - 71 - 77 - 82 - 87 - 89;06 - 13 - 28 - 43 - 44 - 51 - 64 - 73 - 78 - 90;;;;
2386;DISPONIBLE;01 - 05 - 49 - 52 - 63 - 72 - 74 - 84 - 85 - 90;03 - 04 - 23 - 25 - 32 - 40 - 53 - 57 - 74 - 88;;;;
2387;DISPONIBLE;02 - 03 - 06 - 12 - 30 - 31 - 37 - 51 - 84 - 86;12 - 13 - 18 - 36 - 38 - 43 - 56 - 72 - 73 - 78;;;;
2388;DISPONIBLE;01 - 10 - 12 - 41 - 54 - 62 - 68 - 69 - 77 - 83;26 - 39 - 46 - 53 - 60 - 66 - 69 - 75 - 78 - 89;;;;
2389;DISPONIBLE;08 - 10 - 24 - 26 - 32 - 35 - 38 - 54 - 57 - 84;08 - 09 - 21 - 24 - 67 - 68 - 71 - 72 - 79 - 81;;;;
2390;DISPONIBLE;01 - 13 - 15 - 18 - 20 - 27 - 41 - 47 - 62 - 83;09 - 14 - 15 - 30 - 45 - 54 - 60 - 80 - 81 - 84;;;;
2391;DISPONIBLE;09 - 10 - 20 - 22 - 25 - 26 - 55 - 57 - 74 - 82;14 - 20 - 35 - 41 - 42 - 50 - 65 - 83 - 84 - 87;;;;
2392;DISPONIBLE;12 - 40 - 45 - 57 - 64 - 66 - 67 - 71 - 80 - 90;07 - 39 - 44 - 49 - 64 - 69 - 70 - 72 - 81 - 88;;;;
2393;DISPONIBLE;03 - 22 - 31 - 53 - 61 - 63 - 65 - 77 - 88 - 89;07 - 28 - 31 - 53 - 58 - 69 - 73 - 74 - 82 - 85;;;;
2394;DISPONIBLE;14 - 33 - 44 - 52 - 55 - 60 - 68 - 76 - 81 - 86;05 - 10 - 16 - 52 - 63 - 65 - 73 - 75 - 80 - 82;;;;
2395;DISPONIBLE;12 - 15 - 23 - 25 - 34 - 35 - 36 - 45 - 73 - 84;17 - 31 - 37 - 39 - 43 - 45 - 53 - 58 - 62 - 76;;;;
2396;DISPONIBLE;11 - 21 - 34 - 35 - 40 - 42 - 56 - 76 - 77 - 88;04 - 05 - 12 - 24 - 46 - 48 - 55 - 57 - 63 - 88;;;;
2397;DISPONIBLE;03 - 05 - 20 - 38 - 45 - 47 - 66 - 76 - 79 - 82;18 - 19 - 26 - 32 - 59 - 71 - 73 - 76 - 77 - 81;;;;
2398;DISPONIBLE;07 - 14 - 25 - 45 - 57 - 59 - 67 - 74 - 76 - 89;02 - 12 - 17 - 19 - 21 - 23 - 30 - 35 - 65 - 87;;;;
2399;DISPONIBLE;01 - 06 - 09 - 22 - 31 - 33 - 38 - 42 - 44 - 46;03 - 06 - 10 - 20 - 33 - 35 - 50 - 55 - 76 - 82;;;;
2400;DISPONIBLE;02 - 22 - 26 - 30 - 44 - 48 - 49 - 51 - 65 - 74;04 - 09 - 30 - 34 - 36 - 44 - 55 - 60 - 62 - 65;;;;
2401;DISPONIBLE;04 - 07 - 11 - 14 - 23 - 26 - 72 - 75 - 78 - 84;08 - 17 - 18 - 28 - 53 - 71 - 76 - 77 - 79 - 80;;;;
2402;DISPONIBLE;01 - 08 - 10 - 16 - 22 - 42 - 53 - 58 - 59 - 73;03 - 07 - 10 - 40 - 41 - 42 - 45 - 47 - 62 - 65;;;;
2403;DISPONIBLE;01 - 09 - 18 - 23 - 30 - 41 - 43 - 57 - 60 - 83;13 - 22 - 31 - 32 - 40 - 53 - 62 - 74 - 77 - 84;;;;
2404;DISPONIBLE;05 - 09 - 26 - 35 - 47 - 57 - 63 - 67 - 76 - 80;15 - 22 - 23 - 24 - 43 - 54 - 58 - 59 - 69 - 81;;;;
2405;DISPONIBLE;11 - 13 - 15 - 16 - 41 - 65 - 67 - 84 - 89 - 90;20 - 21 - 24 - 25 - 52 - 55 - 71 - 75 - 79 - 89;;;;
2406;DISPONIBLE;02 - 03 - 10 - 22 - 38 - 53 - 55 - 68 - 69 - 80;11 - 15 - 17 - 31 - 38 - 54 - 57 - 61 - 70 - 87;;;;
2407;DISPONIBLE;02 - 15 - 18 - 19 - 46 - 54 - 61 - 84 - 86 - 90;06 - 09 - 45 - 49 - 52 - 63 - 68 - 74 - 77 - 85;;;;
2408;DISPONIBLE;12 - 19 - 20 - 22 - 27 - 35 - 37 - 47 - 75 - 78;03 - 08 - 15 - 23 - 31 - 66 - 67 - 72 - 81 - 83;;;;
2409;DISPONIBLE;04 - 07 - 56 - 57 - 62 - 64 - 65 - 71 - 80 - 81;13 - 19 - 23 - 30 - 36 - 52 - 54 - 70 - 82 - 83;;;;
2410;DISPONIBLE;02 - 04 - 27 - 28 - 30 - 35 - 45 - 56 - 74 - 81;02 - 03 - 11 - 17 - 25 - 32 - 67 - 68 - 85 - 87;;;;
2411;DISPONIBLE;18 - 20 - 38 - 54 - 56 - 64 - 67 - 73 - 75 - 90;10 - 16 - 22 - 33 - 35 - 37 - 42 - 45 - 58 - 83;;;;
2412;DISPONIBLE;12 - 20 - 25 - 27 - 43 - 47 - 52 - 68 - 70 - 78;02 - 08 - 09 - 17 - 21 - 24 - 60 - 68 - 75 - 77;;;;
2413;DISPONIBLE;04 - 09 - 13 - 21 - 44 - 50 - 63 - 68 - 75 - 81;03 - 07 - 08 - 11 - 13 - 20 - 29 - 30 - 40 - 81;;;;
2414;DISPONIBLE;01 - 02 - 17 - 40 - 43 - 70 - 75 - 78 - 82 - 90;08 - 23 - 30 - 35 - 42 - 47 - 59 - 61 - 62 - 66;;;;
2415;DISPONIBLE;14 - 18 - 22 - 29 - 32 - 34 - 58 - 62 - 64 - 72;02 - 05 - 14 - 24 - 37 - 43 - 56 - 63 - 69 - 76;;;;
2416;DISPONIBLE;19 - 21 - 25 - 31 - 39 - 56 - 57 - 70 - 74 - 79;02 - 10 - 11 - 18 - 21 - 22 - 35 - 55 - 60 - 79;;;;
2417;DISPONIBLE;20 - 24 - 38 - 48 - 53 - 54 - 63 - 65 - 87 - 88;09 - 19 - 24 - 34 - 46 - 51 - 54 - 62 - 69 - 79;;;;
2418;DISPONIBLE;02 - 19 - 22 - 38 - 41 - 51 - 63 - 66 - 71 - 76;01 - 02 - 09 - 22 - 35 - 40 - 50 - 56 - 81 - 83;;;;
2419;DISPONIBLE;05 - 31 - 33 - 39 - 50 - 60 - 62 - 64 - 79 - 86;01 - 05 - 30 - 32 - 37 - 60 - 62 - 63 - 87 - 90;;;;
2420;DISPONIBLE;04 - 09 - 13 - 17 - 21 - 61 - 69 - 75 - 79 - 89;17 - 20 - 21 - 23 - 49 - 57 - 75 - 80 - 88 - 89;;;;
2421;DISPONIBLE;02 - 24 - 42 - 48 - 63 - 67 - 70 - 76 - 86 - 87;10 - 13 - 19 - 28 - 30 - 43 - 48 - 49 - 56 - 75;;;;
2422;DISPONIBLE;10 - 19 - 20 - 38 - 46 - 47 - 52 - 74 - 82 - 83;04 - 13 - 21 - 26 - 35 - 54 - 70 - 75 - 88 - 90;;;;
2423;DISPONIBLE;06 - 12 - 17 - 20 - 31 - 33 - 35 - 38 - 53 - 87;02 - 08 - 13 - 14 - 17 - 20 - 22 - 54 - 66 - 89;;;;
2424;DISPONIBLE;04 - 09 - 29 - 43 - 48 - 57 - 79 - 83 - 88 - 90;02 - 05 - 08 - 09 - 21 - 48 - 56 - 57 - 75 - 82;;;;
2425;DISPONIBLE;03 - 07 - 09 - 27 - 31 - 39 - 45 - 55 - 74 - 78;37 - 45 - 46 - 47 - 58 - 67 - 71 - 73 - 76 - 80;;;;
2426;DISPONIBLE;02 - 10 - 12 - 47 - 50 - 51 - 53 - 69 - 78 - 90;03 - 04 - 06 - 14 - 28 - 34 - 38 - 49 - 80 - 86;;;;
2427;DISPONIBLE;11 - 28 - 43 - 52 - 55 - 59 - 70 - 75 - 78 - 80;03 - 04 - 08 - 13 - 23 - 39 - 43 - 66 - 70 - 88;;;;
2428;DISPONIBLE;15 - 17 - 36 - 48 - 50 - 52 - 54 - 62 - 85 - 89;13 - 15 - 44 - 46 - 47 - 52 - 59 - 67 - 77 - 88;;;;
2429;DISPONIBLE;16 - 28 - 32 - 40 - 56 - 59 - 68 - 76 - 81 - 85;05 - 22 - 27 - 29 - 34 - 37 - 48 - 56 - 70 - 74;;;;
2430;DISPONIBLE;04 - 07 - 15 - 28 - 31 - 40 - 61 - 82 - 87 - 89;05 - 19 - 22 - 36 - 53 - 56 - 64 - 77 - 78 - 85;;;;
2431;DISPONIBLE;14 - 18 - 30 - 56 - 60 - 63 - 69 - 72 - 76 - 89;03 - 10 - 20 - 30 - 39 - 67 - 71 - 75 - 89 - 90;;;;
2432;DISPONIBLE;16 - 24 - 42 - 47 - 48 - 50 - 61 - 62 - 72 - 89;29 - 30 - 36 - 42 - 52 - 55 - 68 - 82 - 89 - 90;;;;
2433;DISPONIBLE;02 - 09 - 16 - 27 - 28 - 33 - 52 - 70 - 76 - 87;08 - 24 - 30 - 31 - 45 - 67 - 68 - 73 - 74 - 81;;;;
2434;DISPONIBLE;07 - 14 - 31 - 40 - 43 - 50 - 58 - 67 - 81 - 86;08 - 15 - 32 - 38 - 51 - 62 - 68 - 73 - 74 - 89;;;;
2435;DISPONIBLE;09 - 14 - 23 - 27 - 45 - 74 - 76 - 79 - 88 - 90;05 - 10 - 19 - 42 - 47 - 51 - 65 - 71 - 76 - 88;;;;
2436;DISPONIBLE;01 - 12 - 22 - 39 - 46 - 68 - 77 - 82 - 87 - 90;11 - 25 - 26 - 31 - 36 - 40 - 57 - 66 - 72 - 89;;;;
2437;DISPONIBLE;06 - 19 - 20 - 30 - 36 - 61 - 67 - 74 - 78 - 83;09 - 16 - 35 - 36 - 39 - 50 - 60 - 67 - 85 - 89;;;;
2438;DISPONIBLE;08 - 09 - 15 - 16 - 30 - 40 - 41 - 74 - 77 - 89;04 - 12 - 33 - 49 - 61 - 63 - 82 - 83 - 86 - 90;;;;
2439;DISPONIBLE;06 - 14 - 22 - 33 - 42 - 46 - 64 - 69 - 79 - 84;23 - 26 - 27 - 28 - 31 - 41 - 45 - 51 - 81 - 89;;;;
2440;DISPONIBLE;16 - 21 - 46 - 64 - 65 - 68 - 77 - 80 - 84 - 87;23 - 35 - 37 - 39 - 61 - 67 - 74 - 76 - 78 - 80;;;;
2441;DISPONIBLE;02 - 07 - 09 - 12 - 14 - 28 - 34 - 49 - 55 - 63;10 - 41 - 48 - 50 - 56 - 57 - 62 - 75 - 78 - 81;;;;
2442;DISPONIBLE;16 - 17 - 20 - 29 - 45 - 56 - 61 - 65 - 87 - 90;03 - 04 - 10 - 13 - 56 - 59 - 60 - 65 - 80 - 83;;;;
2443;DISPONIBLE;07 - 15 - 19 - 21 - 26 - 31 - 37 - 38 - 76 - 89;02 - 13 - 16 - 18 - 32 - 43 - 52 - 55 - 58 - 75;;;;
2444;DISPONIBLE;09 - 25 - 32 - 50 - 69 - 72 - 81 - 83 - 86 - 89;08 - 12 - 31 - 56 - 57 - 76 - 79 - 85 - 86 - 87;;;;
2445;DISPONIBLE;14 - 24 - 43 - 45 - 57 - 79 - 81 - 82 - 83 - 88;11 - 36 - 46 - 52 - 54 - 59 - 60 - 72 - 76 - 79;;;;
2446;DISPONIBLE;18 - 21 - 24 - 41 - 46 - 56 - 72 - 73 - 87 - 89;09 - 16 - 20 - 31 - 32 - 42 - 48 - 50 - 65 - 80;;;;
2447;DISPONIBLE;11 - 34 - 53 - 54 - 57 - 58 - 59 - 71 - 73 - 77;04 - 18 - 21 - 23 - 30 - 42 - 48 - 66 - 67 - 81;;;;
2448;DISPONIBLE;07 - 16 - 18 - 20 - 37 - 44 - 63 - 65 - 67 - 78;10 - 13 - 14 - 35 - 41 - 61 - 64 - 74 - 78 - 86;;;;
2449;DISPONIBLE;12 - 24 - 34 - 35 - 36 - 40 - 53 - 56 - 69 - 70;20 - 44 - 53 - 55 - 57 - 60 - 63 - 66 - 69 - 78;;;;
2450;DISPONIBLE;05 - 21 - 35 - 65 - 69 - 70 - 73 - 75 - 87 - 89;08 - 19 - 22 - 24 - 26 - 34 - 57 - 59 - 67 - 84;;;;
2451;DISPONIBLE;03 - 11 - 15 - 17 - 21 - 43 - 49 - 56 - 66 - 73;05 - 09 - 21 - 36 - 42 - 52 - 60 - 61 - 63 - 87;;;;
2452;DISPONIBLE;11 - 20 - 27 - 28 - 31 - 48 - 51 - 68 - 80 - 81;02 - 17 - 20 - 26 - 44 - 51 - 74 - 77 - 81 - 83;;;;
2453;DISPONIBLE;10 - 12 - 13 - 16 - 19 - 25 - 28 - 38 - 59 - 61;08 - 09 - 21 - 34 - 43 - 46 - 54 - 66 - 68 - 89;;;;
2454;DISPONIBLE;10 - 12 - 17 - 21 - 29 - 36 - 45 - 57 - 64 - 88;14 - 17 - 19 - 52 - 60 - 70 - 75 - 80 - 87 - 89;;;;
2455;DISPONIBLE;04 - 13 - 45 - 51 - 58 - 61 - 64 - 69 - 76 - 84;01 - 11 - 16 - 20 - 23 - 45 - 59 - 60 - 68 - 89;;;;
2456;DISPONIBLE;09 - 10 - 17 - 20 - 29 - 34 - 35 - 36 - 49 - 55;10 - 18 - 19 - 30 - 37 - 54 - 61 - 71 - 72 - 83;;;;
2457;DISPONIBLE;09 - 26 - 47 - 63 - 67 - 78 - 79 - 82 - 85 - 87;06 - 09 - 45 - 50 - 53 - 61 - 66 - 80 - 84 - 89;;;;
2458;DISPONIBLE;07 - 19 - 34 - 35 - 36 - 37 - 46 - 53 - 57 - 78;04 - 05 - 11 - 14 - 25 - 34 - 50 - 52 - 53 - 84;;;;
2459;DISPONIBLE;04 - 10 - 18 - 41 - 57 - 67 - 71 - 73 - 75 - 84;07 - 09 - 35 - 51 - 66 - 69 - 71 - 74 - 87 - 90;;;;
2460;DISPONIBLE;07 - 10 - 13 - 28 - 32 - 35 - 38 - 73 - 75 - 80;04 - 17 - 28 - 31 - 35 - 39 - 40 - 53 - 65 - 77;;;;
2461;DISPONIBLE;07 - 34 - 55 - 57 - 59 - 62 - 74 - 75 - 77 - 90;22 - 26 - 27 - 30 - 32 - 41 - 45 - 63 - 85 - 88;;;;
2462;DISPONIBLE;13 - 18 - 36 - 40 - 50 - 52 - 65 - 67 - 69 - 81;08 - 10 - 11 - 17 - 20 - 24 - 60 - 67 - 72 - 74;;;;
2463;DISPONIBLE;01 - 36 - 39 - 44 - 50 - 51 - 62 - 72 - 73 - 83;04 - 18 - 19 - 28 - 33 - 49 - 62 - 76 - 84 - 89;;;;
2464;DISPONIBLE;01 - 18 - 21 - 26 - 37 - 39 - 59 - 62 - 64 - 68;06 - 11 - 13 - 23 - 49 - 52 - 57 - 75 - 84 - 85;;;;
2465;DISPONIBLE;03 - 17 - 21 - 22 - 30 - 45 - 53 - 58 - 88 - 90;11 - 12 - 14 - 23 - 25 - 35 - 63 - 71 - 75 - 81;;;;
2466;DISPONIBLE;03 - 04 - 06 - 29 - 30 - 33 - 41 - 61 - 64 - 90;11 - 13 - 30 - 35 - 37 - 38 - 50 - 68 - 83 - 88;;;;
2467;DISPONIBLE;07 - 11 - 27 - 34 - 41 - 48 - 65 - 68 - 83 - 84;01 - 05 - 29 - 36 - 58 - 62 - 63 - 71 - 84 - 88;;;;
2468;DISPONIBLE;02 - 09 - 20 - 21 - 27 - 28 - 46 - 57 - 59 - 74;03 - 16 - 19 - 41 - 43 - 52 - 66 - 68 - 70 - 73;;;;
2469;DISPONIBLE;06 - 22 - 29 - 34 - 40 - 43 - 73 - 74 - 83 - 90;12 - 31 - 34 - 36 - 41 - 50 - 65 - 69 - 70 - 87;;;;
2470;DISPONIBLE;04 - 07 - 31 - 41 - 47 - 58 - 68 - 72 - 76 - 80;05 - 13 - 14 - 23 - 28 - 32 - 33 - 44 - 53 - 67;;;;
2471;DISPONIBLE;11 - 14 - 22 - 39 - 66 - 75 - 80 - 84 - 85 - 90;08 - 18 - 23 - 26 - 35 - 51 - 67 - 75 - 83 - 88;;;;
2472;DISPONIBLE;19 - 21 - 22 - 34 - 60 - 63 - 64 - 67 - 68 - 78;02 - 07 - 21 - 24 - 32 - 60 - 70 - 82 - 84 - 86;;;;
2473;DISPONIBLE;04 - 09 - 16 - 29 - 35 - 37 - 47 - 75 - 77 - 90;01 - 27 - 34 - 38 - 51 - 55 - 72 - 74 - 84 - 90;;;;
2474;DISPONIBLE;08 - 13 - 16 - 28 - 39 - 46 - 49 - 74 - 75 - 79;03 - 06 - 22 - 24 - 35 - 55 - 57 - 60 - 68 - 90;;;;
2475;DISPONIBLE;06 - 07 - 15 - 17 - 18 - 44 - 54 - 55 - 62 - 66;07 - 15 - 28 - 44 - 61 - 62 - 63 - 71 - 81 - 87;;;;
2476;DISPONIBLE;16 - 19 - 43 - 45 - 62 - 64 - 68 - 69 - 74 - 80;06 - 33 - 37 - 49 - 52 - 67 - 70 - 82 - 84 - 86;;;;
2477;DISPONIBLE;11 - 18 - 22 - 26 - 29 - 71 - 74 - 81 - 89 - 90;07 - 27 - 45 - 54 - 63 - 64 - 78 - 79 - 82 - 86;;;;
2478;DISPONIBLE;23 - 30 - 37 - 42 - 51 - 59 - 65 - 66 - 77 - 78;10 - 20 - 34 - 36 - 51 - 56 - 62 - 67 - 68 - 87;;;;
2479;DISPONIBLE;05 - 11 - 21 - 28 - 45 - 54 - 70 - 72 - 75 - 82;06 - 09 - 21 - 34 - 59 - 64 - 69 - 70 - 75 - 86;;;;
2480;DISPONIBLE;08 - 09 - 25 - 46 - 53 - 64 - 71 - 75 - 78 - 90;08 - 09 - 14 - 17 - 19 - 25 - 29 - 64 - 73 - 90;;;;
2481;DISPONIBLE;03 - 07 - 22 - 23 - 28 - 36 - 38 - 53 - 68 - 72;15 - 23 - 29 - 31 - 41 - 49 - 57 - 63 - 66 - 75;;;;
2482;DISPONIBLE;10 - 19 - 23 - 28 - 37 - 40 - 43 - 44 - 58 - 68;02 - 05 - 06 - 11 - 12 - 28 - 43 - 53 - 63 - 76;;;;
2483;DISPONIBLE;14 - 16 - 19 - 24 - 53 - 55 - 56 - 73 - 80 - 85;07 - 20 - 25 - 28 - 44 - 46 - 69 - 70 - 73 - 76;;;;
2484;DISPONIBLE;04 - 05 - 06 - 15 - 32 - 34 - 41 - 63 - 71 - 88;19 - 40 - 49 - 57 - 60 - 64 - 71 - 75 - 82 - 90;;;;
2485;DISPONIBLE;05 - 16 - 21 - 31 - 39 - 51 - 55 - 64 - 78 - 89;07 - 16 - 21 - 23 - 43 - 52 - 55 - 59 - 67 - 88;;;;
2486;DISPONIBLE;22 - 33 - 37 - 43 - 54 - 55 - 73 - 78 - 80 - 90;09 - 13 - 14 - 19 - 27 - 28 - 45 - 49 - 50 - 61;;;;
2487;DISPONIBLE;12 - 22 - 31 - 44 - 48 - 56 - 68 - 70 - 85 - 89;03 - 08 - 18 - 24 - 25 - 30 - 38 - 66 - 77 - 80;;;;
2488;DISPONIBLE;02 - 07 - 18 - 21 - 24 - 44 - 52 - 56 - 74 - 86;13 - 16 - 19 - 27 - 34 - 38 - 55 - 65 - 87 - 90;;;;
2489;DISPONIBLE;07 - 31 - 32 - 41 - 42 - 46 - 47 - 75 - 78 - 86;15 - 26 - 29 - 34 - 41 - 49 - 66 - 68 - 76 - 87;;;;
2490;DISPONIBLE;06 - 10 - 20 - 23 - 29 - 33 - 48 - 75 - 82 - 84;01 - 13 - 22 - 24 - 33 - 42 - 49 - 50 - 55 - 83;;;;
2491;DISPONIBLE;01 - 14 - 24 - 34 - 45 - 49 - 52 - 66 - 77 - 85;07 - 17 - 41 - 46 - 47 - 55 - 59 - 60 - 64 - 77;;;;
2492;DISPONIBLE;23 - 29 - 30 - 39 - 50 - 63 - 69 - 79 - 80 - 81;03 - 08 - 10 - 13 - 25 - 32 - 61 - 75 - 77 - 88;;;;
2493;DISPONIBLE;09 - 18 - 20 - 45 - 47 - 50 - 55 - 67 - 77 - 82;17 - 19 - 33 - 38 - 42 - 51 - 53 - 59 - 62 - 67;;;;
2494;DISPONIBLE;06 - 07 - 19 - 25 - 48 - 53 - 74 - 84 - 87 - 89;08 - 10 - 35 - 43 - 46 - 48 - 55 - 61 - 63 - 86;;;;
2495;DISPONIBLE;11 - 15 - 16 - 34 - 39 - 40 - 53 - 74 - 85 - 90;09 - 11 - 36 - 38 - 52 - 64 - 65 - 66 - 75 - 90;;;;
2496;DISPONIBLE;09 - 11 - 12 - 18 - 22 - 60 - 67 - 70 - 71 - 90;07 - 13 - 24 - 27 - 38 - 41 - 67 - 75 - 76 - 82;;;;
2497;DISPONIBLE;02 - 19 - 27 - 31 - 37 - 38 - 39 - 43 - 58 - 80;02 - 15 - 22 - 27 - 49 - 51 - 58 - 77 - 80 - 88;;;;
2498;DISPONIBLE;08 - 11 - 19 - 21 - 46 - 50 - 63 - 67 - 68 - 73;04 - 11 - 16 - 31 - 40 - 51 - 53 - 62 - 77 - 86;;;;
2499;DISPONIBLE;03 - 12 - 34 - 35 - 49 - 51 - 60 - 74 - 81 - 88;15 - 27 - 36 - 39 - 42 - 53 - 66 - 71 - 82 - 83;;;;
2500;DISPONIBLE;02 - 05 - 16 - 29 - 36 - 40 - 47 - 49 - 51 - 57;03 - 14 - 29 - 37 - 41 - 48 - 65 - 71 - 86 - 88;;;;
